"TIME","GEO","UNIT","PURPOSE","DURATION","PARTNER","SEX","Value","Flag and Footnotes"
"2012","European Union - 27 countries (from 2020)","Number","Personal reasons","1 night or over","Domestic","Males","347,410,453","e"
"2012","European Union - 27 countries (from 2020)","Number","Personal reasons","1 night or over","Domestic","Females","374,458,793","e"
"2012","European Union - 27 countries (from 2020)","Number","Personal reasons","1 night or over","Outbound","Males","100,272,615","e"
"2012","European Union - 27 countries (from 2020)","Number","Personal reasons","1 night or over","Outbound","Females","103,459,988","e"
"2012","Belgium","Number","Personal reasons","1 night or over","Domestic","Males","1,175,257",""
"2012","Belgium","Number","Personal reasons","1 night or over","Domestic","Females","1,310,191",""
"2012","Belgium","Number","Personal reasons","1 night or over","Outbound","Males","3,786,115",""
"2012","Belgium","Number","Personal reasons","1 night or over","Outbound","Females","3,887,425",""
"2012","Bulgaria","Number","Personal reasons","1 night or over","Domestic","Males","1,433,990","b"
"2012","Bulgaria","Number","Personal reasons","1 night or over","Domestic","Females","1,572,120","b"
"2012","Bulgaria","Number","Personal reasons","1 night or over","Outbound","Males","203,121","b"
"2012","Bulgaria","Number","Personal reasons","1 night or over","Outbound","Females","214,533","b"
"2012","Czechia","Number","Personal reasons","1 night or over","Domestic","Males","12,180,964",""
"2012","Czechia","Number","Personal reasons","1 night or over","Domestic","Females","13,805,988",""
"2012","Czechia","Number","Personal reasons","1 night or over","Outbound","Males","2,533,655",""
"2012","Czechia","Number","Personal reasons","1 night or over","Outbound","Females","2,885,706",""
"2012","Denmark","Number","Personal reasons","1 night or over","Domestic","Males","9,681,610",""
"2012","Denmark","Number","Personal reasons","1 night or over","Domestic","Females","10,755,789",""
"2012","Denmark","Number","Personal reasons","1 night or over","Outbound","Males","2,803,558",""
"2012","Denmark","Number","Personal reasons","1 night or over","Outbound","Females","3,202,339",""
"2012","Germany (until 1990 former territory of the FRG)","Number","Personal reasons","1 night or over","Domestic","Males","62,123,662",""
"2012","Germany (until 1990 former territory of the FRG)","Number","Personal reasons","1 night or over","Domestic","Females","67,953,220",""
"2012","Germany (until 1990 former territory of the FRG)","Number","Personal reasons","1 night or over","Outbound","Males","35,345,713",""
"2012","Germany (until 1990 former territory of the FRG)","Number","Personal reasons","1 night or over","Outbound","Females","34,343,396",""
"2012","Estonia","Number","Personal reasons","1 night or over","Domestic","Males","660,016",""
"2012","Estonia","Number","Personal reasons","1 night or over","Domestic","Females","943,926",""
"2012","Estonia","Number","Personal reasons","1 night or over","Outbound","Males","333,017",""
"2012","Estonia","Number","Personal reasons","1 night or over","Outbound","Females","576,920",""
"2012","Ireland","Number","Personal reasons","1 night or over","Domestic","Males","2,683,357",""
"2012","Ireland","Number","Personal reasons","1 night or over","Domestic","Females","3,425,546",""
"2012","Ireland","Number","Personal reasons","1 night or over","Outbound","Males","2,387,505",""
"2012","Ireland","Number","Personal reasons","1 night or over","Outbound","Females","2,619,970",""
"2012","Greece","Number","Personal reasons","1 night or over","Domestic","Males","3,007,654",""
"2012","Greece","Number","Personal reasons","1 night or over","Domestic","Females","3,249,673",""
"2012","Greece","Number","Personal reasons","1 night or over","Outbound","Males","241,296",""
"2012","Greece","Number","Personal reasons","1 night or over","Outbound","Females","279,577",""
"2012","Spain","Number","Personal reasons","1 night or over","Domestic","Males","55,925,074",""
"2012","Spain","Number","Personal reasons","1 night or over","Domestic","Females","59,159,624",""
"2012","Spain","Number","Personal reasons","1 night or over","Outbound","Males","4,403,743",""
"2012","Spain","Number","Personal reasons","1 night or over","Outbound","Females","4,779,897",""
"2012","France","Number","Personal reasons","1 night or over","Domestic","Males","87,363,204",""
"2012","France","Number","Personal reasons","1 night or over","Domestic","Females","94,154,623",""
"2012","France","Number","Personal reasons","1 night or over","Outbound","Males","10,374,780",""
"2012","France","Number","Personal reasons","1 night or over","Outbound","Females","11,292,131",""
"2012","Croatia","Number","Personal reasons","1 night or over","Domestic","Males","2,637,062",""
"2012","Croatia","Number","Personal reasons","1 night or over","Domestic","Females","2,474,030",""
"2012","Croatia","Number","Personal reasons","1 night or over","Outbound","Males","1,054,323",""
"2012","Croatia","Number","Personal reasons","1 night or over","Outbound","Females","1,119,057",""
"2012","Italy","Number","Personal reasons","1 night or over","Domestic","Males","21,561,146",""
"2012","Italy","Number","Personal reasons","1 night or over","Domestic","Females","21,569,905",""
"2012","Italy","Number","Personal reasons","1 night or over","Outbound","Males","6,099,671",""
"2012","Italy","Number","Personal reasons","1 night or over","Outbound","Females","5,924,735",""
"2012","Cyprus","Number","Personal reasons","1 night or over","Domestic","Males","633,905","b"
"2012","Cyprus","Number","Personal reasons","1 night or over","Domestic","Females","702,209","b"
"2012","Cyprus","Number","Personal reasons","1 night or over","Outbound","Males","409,257","b"
"2012","Cyprus","Number","Personal reasons","1 night or over","Outbound","Females","538,242","b"
"2012","Latvia","Number","Personal reasons","1 night or over","Domestic","Males","1,613,107",""
"2012","Latvia","Number","Personal reasons","1 night or over","Domestic","Females","2,022,593",""
"2012","Latvia","Number","Personal reasons","1 night or over","Outbound","Males","473,156",""
"2012","Latvia","Number","Personal reasons","1 night or over","Outbound","Females","643,746",""
"2012","Lithuania","Number","Personal reasons","1 night or over","Domestic","Males","1,067,249",""
"2012","Lithuania","Number","Personal reasons","1 night or over","Domestic","Females","1,137,412",""
"2012","Lithuania","Number","Personal reasons","1 night or over","Outbound","Males","682,437",""
"2012","Lithuania","Number","Personal reasons","1 night or over","Outbound","Females","704,719",""
"2012","Luxembourg","Number","Personal reasons","1 night or over","Domestic","Males","23,336",""
"2012","Luxembourg","Number","Personal reasons","1 night or over","Domestic","Females","19,836",""
"2012","Luxembourg","Number","Personal reasons","1 night or over","Outbound","Males","643,092",""
"2012","Luxembourg","Number","Personal reasons","1 night or over","Outbound","Females","668,612",""
"2012","Hungary","Number","Personal reasons","1 night or over","Domestic","Males","6,433,835",""
"2012","Hungary","Number","Personal reasons","1 night or over","Domestic","Females","7,556,907",""
"2012","Hungary","Number","Personal reasons","1 night or over","Outbound","Males","1,689,763",""
"2012","Hungary","Number","Personal reasons","1 night or over","Outbound","Females","1,877,831",""
"2012","Malta","Number","Personal reasons","1 night or over","Domestic","Males","103,255",""
"2012","Malta","Number","Personal reasons","1 night or over","Domestic","Females","97,123",""
"2012","Malta","Number","Personal reasons","1 night or over","Outbound","Males","123,396",""
"2012","Malta","Number","Personal reasons","1 night or over","Outbound","Females","113,831",""
"2012","Netherlands","Number","Personal reasons","1 night or over","Domestic","Males","12,648,720","b"
"2012","Netherlands","Number","Personal reasons","1 night or over","Domestic","Females","14,877,487","b"
"2012","Netherlands","Number","Personal reasons","1 night or over","Outbound","Males","8,484,114","b"
"2012","Netherlands","Number","Personal reasons","1 night or over","Outbound","Females","8,220,991","b"
"2012","Austria","Number","Personal reasons","1 night or over","Domestic","Males","4,143,902",""
"2012","Austria","Number","Personal reasons","1 night or over","Domestic","Females","4,871,291",""
"2012","Austria","Number","Personal reasons","1 night or over","Outbound","Males","4,000,273",""
"2012","Austria","Number","Personal reasons","1 night or over","Outbound","Females","4,986,163",""
"2012","Poland","Number","Personal reasons","1 night or over","Domestic","Males","18,704,982",""
"2012","Poland","Number","Personal reasons","1 night or over","Domestic","Females","19,881,125",""
"2012","Poland","Number","Personal reasons","1 night or over","Outbound","Males","3,590,569",""
"2012","Poland","Number","Personal reasons","1 night or over","Outbound","Females","3,216,918",""
"2012","Portugal","Number","Personal reasons","1 night or over","Domestic","Males","5,644,634",""
"2012","Portugal","Number","Personal reasons","1 night or over","Domestic","Females","6,200,914",""
"2012","Portugal","Number","Personal reasons","1 night or over","Outbound","Males","468,685",""
"2012","Portugal","Number","Personal reasons","1 night or over","Outbound","Females","512,790",""
"2012","Romania","Number","Personal reasons","1 night or over","Domestic","Males","7,909,573",""
"2012","Romania","Number","Personal reasons","1 night or over","Domestic","Females","7,729,815",""
"2012","Romania","Number","Personal reasons","1 night or over","Outbound","Males","370,261",""
"2012","Romania","Number","Personal reasons","1 night or over","Outbound","Females","400,993",""
"2012","Slovenia","Number","Personal reasons","1 night or over","Domestic","Males","1,048,264",""
"2012","Slovenia","Number","Personal reasons","1 night or over","Domestic","Females","926,635",""
"2012","Slovenia","Number","Personal reasons","1 night or over","Outbound","Males","1,035,759",""
"2012","Slovenia","Number","Personal reasons","1 night or over","Outbound","Females","1,043,660",""
"2012","Slovakia","Number","Personal reasons","1 night or over","Domestic","Males","1,705,621",""
"2012","Slovakia","Number","Personal reasons","1 night or over","Domestic","Females","1,876,747",""
"2012","Slovakia","Number","Personal reasons","1 night or over","Outbound","Males","1,081,779",""
"2012","Slovakia","Number","Personal reasons","1 night or over","Outbound","Females","1,304,987",""
"2012","Finland","Number","Personal reasons","1 night or over","Domestic","Males","13,188,483","b"
"2012","Finland","Number","Personal reasons","1 night or over","Domestic","Females","13,582,647","b"
"2012","Finland","Number","Personal reasons","1 night or over","Outbound","Males","3,383,263","b"
"2012","Finland","Number","Personal reasons","1 night or over","Outbound","Females","3,743,303","b"
"2012","Sweden","Number","Personal reasons","1 night or over","Domestic","Males",":",""
"2012","Sweden","Number","Personal reasons","1 night or over","Domestic","Females",":",""
"2012","Sweden","Number","Personal reasons","1 night or over","Outbound","Males",":",""
"2012","Sweden","Number","Personal reasons","1 night or over","Outbound","Females",":",""
"2013","European Union - 27 countries (from 2020)","Number","Personal reasons","1 night or over","Domestic","Males","338,820,910","e"
"2013","European Union - 27 countries (from 2020)","Number","Personal reasons","1 night or over","Domestic","Females","370,434,430","e"
"2013","European Union - 27 countries (from 2020)","Number","Personal reasons","1 night or over","Outbound","Males","102,185,551","e"
"2013","European Union - 27 countries (from 2020)","Number","Personal reasons","1 night or over","Outbound","Females","109,414,088","e"
"2013","Belgium","Number","Personal reasons","1 night or over","Domestic","Males","1,195,035",""
"2013","Belgium","Number","Personal reasons","1 night or over","Domestic","Females","1,379,605",""
"2013","Belgium","Number","Personal reasons","1 night or over","Outbound","Males","4,621,251",""
"2013","Belgium","Number","Personal reasons","1 night or over","Outbound","Females","5,015,253",""
"2013","Bulgaria","Number","Personal reasons","1 night or over","Domestic","Males","1,609,137",""
"2013","Bulgaria","Number","Personal reasons","1 night or over","Domestic","Females","1,650,158",""
"2013","Bulgaria","Number","Personal reasons","1 night or over","Outbound","Males","208,167",""
"2013","Bulgaria","Number","Personal reasons","1 night or over","Outbound","Females","275,196",""
"2013","Czechia","Number","Personal reasons","1 night or over","Domestic","Males","11,276,673",""
"2013","Czechia","Number","Personal reasons","1 night or over","Domestic","Females","13,027,339",""
"2013","Czechia","Number","Personal reasons","1 night or over","Outbound","Males","2,546,004",""
"2013","Czechia","Number","Personal reasons","1 night or over","Outbound","Females","2,758,197",""
"2013","Denmark","Number","Personal reasons","1 night or over","Domestic","Males","9,873,381","b"
"2013","Denmark","Number","Personal reasons","1 night or over","Domestic","Females","12,342,481","b"
"2013","Denmark","Number","Personal reasons","1 night or over","Outbound","Males","3,658,956","b"
"2013","Denmark","Number","Personal reasons","1 night or over","Outbound","Females","3,406,389","b"
"2013","Germany (until 1990 former territory of the FRG)","Number","Personal reasons","1 night or over","Domestic","Males","61,363,094",""
"2013","Germany (until 1990 former territory of the FRG)","Number","Personal reasons","1 night or over","Domestic","Females","69,455,164",""
"2013","Germany (until 1990 former territory of the FRG)","Number","Personal reasons","1 night or over","Outbound","Males","37,307,714",""
"2013","Germany (until 1990 former territory of the FRG)","Number","Personal reasons","1 night or over","Outbound","Females","39,100,667",""
"2013","Estonia","Number","Personal reasons","1 night or over","Domestic","Males","743,042",""
"2013","Estonia","Number","Personal reasons","1 night or over","Domestic","Females","813,337",""
"2013","Estonia","Number","Personal reasons","1 night or over","Outbound","Males","379,868",""
"2013","Estonia","Number","Personal reasons","1 night or over","Outbound","Females","513,599",""
"2013","Ireland","Number","Personal reasons","1 night or over","Domestic","Males","2,718,100",""
"2013","Ireland","Number","Personal reasons","1 night or over","Domestic","Females","3,476,166",""
"2013","Ireland","Number","Personal reasons","1 night or over","Outbound","Males","2,296,613",""
"2013","Ireland","Number","Personal reasons","1 night or over","Outbound","Females","2,641,930",""
"2013","Greece","Number","Personal reasons","1 night or over","Domestic","Males","2,221,103",""
"2013","Greece","Number","Personal reasons","1 night or over","Domestic","Females","2,394,176",""
"2013","Greece","Number","Personal reasons","1 night or over","Outbound","Males","252,860",""
"2013","Greece","Number","Personal reasons","1 night or over","Outbound","Females","294,506",""
"2013","Spain","Number","Personal reasons","1 night or over","Domestic","Males","54,801,042",""
"2013","Spain","Number","Personal reasons","1 night or over","Domestic","Females","58,517,554",""
"2013","Spain","Number","Personal reasons","1 night or over","Outbound","Males","3,882,266",""
"2013","Spain","Number","Personal reasons","1 night or over","Outbound","Females","4,346,592",""
"2013","France","Number","Personal reasons","1 night or over","Domestic","Males","86,848,689",""
"2013","France","Number","Personal reasons","1 night or over","Domestic","Females","94,469,467",""
"2013","France","Number","Personal reasons","1 night or over","Outbound","Males","10,555,688",""
"2013","France","Number","Personal reasons","1 night or over","Outbound","Females","11,728,448",""
"2013","Croatia","Number","Personal reasons","1 night or over","Domestic","Males","2,946,824",""
"2013","Croatia","Number","Personal reasons","1 night or over","Domestic","Females","2,403,880",""
"2013","Croatia","Number","Personal reasons","1 night or over","Outbound","Males","1,090,138",""
"2013","Croatia","Number","Personal reasons","1 night or over","Outbound","Females","1,268,539",""
"2013","Italy","Number","Personal reasons","1 night or over","Domestic","Males","18,241,501",""
"2013","Italy","Number","Personal reasons","1 night or over","Domestic","Females","18,235,202",""
"2013","Italy","Number","Personal reasons","1 night or over","Outbound","Males","4,563,515",""
"2013","Italy","Number","Personal reasons","1 night or over","Outbound","Females","5,384,769",""
"2013","Cyprus","Number","Personal reasons","1 night or over","Domestic","Males","625,115",""
"2013","Cyprus","Number","Personal reasons","1 night or over","Domestic","Females","638,691",""
"2013","Cyprus","Number","Personal reasons","1 night or over","Outbound","Males","369,917",""
"2013","Cyprus","Number","Personal reasons","1 night or over","Outbound","Females","539,262",""
"2013","Latvia","Number","Personal reasons","1 night or over","Domestic","Males","1,324,282",""
"2013","Latvia","Number","Personal reasons","1 night or over","Domestic","Females","1,690,292",""
"2013","Latvia","Number","Personal reasons","1 night or over","Outbound","Males","422,263",""
"2013","Latvia","Number","Personal reasons","1 night or over","Outbound","Females","543,553",""
"2013","Lithuania","Number","Personal reasons","1 night or over","Domestic","Males","1,086,046",""
"2013","Lithuania","Number","Personal reasons","1 night or over","Domestic","Females","1,185,393",""
"2013","Lithuania","Number","Personal reasons","1 night or over","Outbound","Males","707,884",""
"2013","Lithuania","Number","Personal reasons","1 night or over","Outbound","Females","717,924",""
"2013","Luxembourg","Number","Personal reasons","1 night or over","Domestic","Males","30,030",""
"2013","Luxembourg","Number","Personal reasons","1 night or over","Domestic","Females","22,564",""
"2013","Luxembourg","Number","Personal reasons","1 night or over","Outbound","Males","688,527",""
"2013","Luxembourg","Number","Personal reasons","1 night or over","Outbound","Females","663,120",""
"2013","Hungary","Number","Personal reasons","1 night or over","Domestic","Males","5,395,969",""
"2013","Hungary","Number","Personal reasons","1 night or over","Domestic","Females","6,212,425",""
"2013","Hungary","Number","Personal reasons","1 night or over","Outbound","Males","1,787,262",""
"2013","Hungary","Number","Personal reasons","1 night or over","Outbound","Females","1,907,663",""
"2013","Malta","Number","Personal reasons","1 night or over","Domestic","Males","91,032",""
"2013","Malta","Number","Personal reasons","1 night or over","Domestic","Females","93,907",""
"2013","Malta","Number","Personal reasons","1 night or over","Outbound","Males","141,112",""
"2013","Malta","Number","Personal reasons","1 night or over","Outbound","Females","131,814",""
"2013","Netherlands","Number","Personal reasons","1 night or over","Domestic","Males","12,141,035",""
"2013","Netherlands","Number","Personal reasons","1 night or over","Domestic","Females","12,654,890",""
"2013","Netherlands","Number","Personal reasons","1 night or over","Outbound","Males","8,285,687",""
"2013","Netherlands","Number","Personal reasons","1 night or over","Outbound","Females","8,028,091",""
"2013","Austria","Number","Personal reasons","1 night or over","Domestic","Males","4,420,343",""
"2013","Austria","Number","Personal reasons","1 night or over","Domestic","Females","5,261,707",""
"2013","Austria","Number","Personal reasons","1 night or over","Outbound","Males","3,967,546",""
"2013","Austria","Number","Personal reasons","1 night or over","Outbound","Females","4,590,294",""
"2013","Poland","Number","Personal reasons","1 night or over","Domestic","Males","18,241,145",""
"2013","Poland","Number","Personal reasons","1 night or over","Domestic","Females","20,745,797",""
"2013","Poland","Number","Personal reasons","1 night or over","Outbound","Males","3,964,833",""
"2013","Poland","Number","Personal reasons","1 night or over","Outbound","Females","4,429,960",""
"2013","Portugal","Number","Personal reasons","1 night or over","Domestic","Males","5,732,180",""
"2013","Portugal","Number","Personal reasons","1 night or over","Domestic","Females","6,931,723",""
"2013","Portugal","Number","Personal reasons","1 night or over","Outbound","Males","456,694",""
"2013","Portugal","Number","Personal reasons","1 night or over","Outbound","Females","537,882",""
"2013","Romania","Number","Personal reasons","1 night or over","Domestic","Males","8,064,798",""
"2013","Romania","Number","Personal reasons","1 night or over","Domestic","Females","8,158,435",""
"2013","Romania","Number","Personal reasons","1 night or over","Outbound","Males","448,248",""
"2013","Romania","Number","Personal reasons","1 night or over","Outbound","Females","506,131",""
"2013","Slovenia","Number","Personal reasons","1 night or over","Domestic","Males","980,003",""
"2013","Slovenia","Number","Personal reasons","1 night or over","Domestic","Females","942,970",""
"2013","Slovenia","Number","Personal reasons","1 night or over","Outbound","Males","1,141,433",""
"2013","Slovenia","Number","Personal reasons","1 night or over","Outbound","Females","1,152,232",""
"2013","Slovakia","Number","Personal reasons","1 night or over","Domestic","Males","1,956,795","b"
"2013","Slovakia","Number","Personal reasons","1 night or over","Domestic","Females","1,882,128","b"
"2013","Slovakia","Number","Personal reasons","1 night or over","Outbound","Males","851,517","b"
"2013","Slovakia","Number","Personal reasons","1 night or over","Outbound","Females","1,042,559","b"
"2013","Finland","Number","Personal reasons","1 night or over","Domestic","Males","13,028,003",""
"2013","Finland","Number","Personal reasons","1 night or over","Domestic","Females","13,499,494",""
"2013","Finland","Number","Personal reasons","1 night or over","Outbound","Males","3,404,646",""
"2013","Finland","Number","Personal reasons","1 night or over","Outbound","Females","3,619,118",""
"2013","Sweden","Number","Personal reasons","1 night or over","Domestic","Males",":",""
"2013","Sweden","Number","Personal reasons","1 night or over","Domestic","Females",":",""
"2013","Sweden","Number","Personal reasons","1 night or over","Outbound","Males",":",""
"2013","Sweden","Number","Personal reasons","1 night or over","Outbound","Females",":",""
"2014","European Union - 27 countries (from 2020)","Number","Personal reasons","1 night or over","Domestic","Males","330,548,464",""
"2014","European Union - 27 countries (from 2020)","Number","Personal reasons","1 night or over","Domestic","Females","368,244,143",""
"2014","European Union - 27 countries (from 2020)","Number","Personal reasons","1 night or over","Outbound","Males","101,246,796",""
"2014","European Union - 27 countries (from 2020)","Number","Personal reasons","1 night or over","Outbound","Females","112,153,702",""
"2014","Belgium","Number","Personal reasons","1 night or over","Domestic","Males","1,036,679",""
"2014","Belgium","Number","Personal reasons","1 night or over","Domestic","Females","1,165,598",""
"2014","Belgium","Number","Personal reasons","1 night or over","Outbound","Males","4,891,807",""
"2014","Belgium","Number","Personal reasons","1 night or over","Outbound","Females","4,972,923",""
"2014","Bulgaria","Number","Personal reasons","1 night or over","Domestic","Males","1,470,128",""
"2014","Bulgaria","Number","Personal reasons","1 night or over","Domestic","Females","1,541,875",""
"2014","Bulgaria","Number","Personal reasons","1 night or over","Outbound","Males","252,910",""
"2014","Bulgaria","Number","Personal reasons","1 night or over","Outbound","Females","313,682",""
"2014","Czechia","Number","Personal reasons","1 night or over","Domestic","Males","12,465,874",""
"2014","Czechia","Number","Personal reasons","1 night or over","Domestic","Females","13,730,941",""
"2014","Czechia","Number","Personal reasons","1 night or over","Outbound","Males","2,686,375",""
"2014","Czechia","Number","Personal reasons","1 night or over","Outbound","Females","2,558,844",""
"2014","Denmark","Number","Personal reasons","1 night or over","Domestic","Males","10,070,319",""
"2014","Denmark","Number","Personal reasons","1 night or over","Domestic","Females","12,834,134",""
"2014","Denmark","Number","Personal reasons","1 night or over","Outbound","Males","3,256,597",""
"2014","Denmark","Number","Personal reasons","1 night or over","Outbound","Females","4,050,758",""
"2014","Germany (until 1990 former territory of the FRG)","Number","Personal reasons","1 night or over","Domestic","Males","57,269,996",""
"2014","Germany (until 1990 former territory of the FRG)","Number","Personal reasons","1 night or over","Domestic","Females","66,471,076",""
"2014","Germany (until 1990 former territory of the FRG)","Number","Personal reasons","1 night or over","Outbound","Males","34,827,105",""
"2014","Germany (until 1990 former territory of the FRG)","Number","Personal reasons","1 night or over","Outbound","Females","38,620,683",""
"2014","Estonia","Number","Personal reasons","1 night or over","Domestic","Males","1,029,223",""
"2014","Estonia","Number","Personal reasons","1 night or over","Domestic","Females","1,226,837",""
"2014","Estonia","Number","Personal reasons","1 night or over","Outbound","Males","405,013",""
"2014","Estonia","Number","Personal reasons","1 night or over","Outbound","Females","624,893",""
"2014","Ireland","Number","Personal reasons","1 night or over","Domestic","Males","2,915,898",""
"2014","Ireland","Number","Personal reasons","1 night or over","Domestic","Females","3,535,042",""
"2014","Ireland","Number","Personal reasons","1 night or over","Outbound","Males","2,242,624",""
"2014","Ireland","Number","Personal reasons","1 night or over","Outbound","Females","2,678,527",""
"2014","Greece","Number","Personal reasons","1 night or over","Domestic","Males","2,517,034",""
"2014","Greece","Number","Personal reasons","1 night or over","Domestic","Females","2,823,307",""
"2014","Greece","Number","Personal reasons","1 night or over","Outbound","Males","300,587",""
"2014","Greece","Number","Personal reasons","1 night or over","Outbound","Females","330,788",""
"2014","Spain","Number","Personal reasons","1 night or over","Domestic","Males","53,932,164",""
"2014","Spain","Number","Personal reasons","1 night or over","Domestic","Females","56,326,563",""
"2014","Spain","Number","Personal reasons","1 night or over","Outbound","Males","4,088,685",""
"2014","Spain","Number","Personal reasons","1 night or over","Outbound","Females","4,602,244",""
"2014","France","Number","Personal reasons","1 night or over","Domestic","Males","86,338,836",""
"2014","France","Number","Personal reasons","1 night or over","Domestic","Females","95,400,408",""
"2014","France","Number","Personal reasons","1 night or over","Outbound","Males","11,573,417",""
"2014","France","Number","Personal reasons","1 night or over","Outbound","Females","12,591,127",""
"2014","Croatia","Number","Personal reasons","1 night or over","Domestic","Males","2,308,114",""
"2014","Croatia","Number","Personal reasons","1 night or over","Domestic","Females","2,315,395",""
"2014","Croatia","Number","Personal reasons","1 night or over","Outbound","Males","970,927",""
"2014","Croatia","Number","Personal reasons","1 night or over","Outbound","Females","1,055,387",""
"2014","Italy","Number","Personal reasons","1 night or over","Domestic","Males","18,011,901","b"
"2014","Italy","Number","Personal reasons","1 night or over","Domestic","Females","19,211,057","b"
"2014","Italy","Number","Personal reasons","1 night or over","Outbound","Males","4,499,099","b"
"2014","Italy","Number","Personal reasons","1 night or over","Outbound","Females","5,159,172","b"
"2014","Cyprus","Number","Personal reasons","1 night or over","Domestic","Males","577,798",""
"2014","Cyprus","Number","Personal reasons","1 night or over","Domestic","Females","694,212",""
"2014","Cyprus","Number","Personal reasons","1 night or over","Outbound","Males","426,162",""
"2014","Cyprus","Number","Personal reasons","1 night or over","Outbound","Females","572,058",""
"2014","Latvia","Number","Personal reasons","1 night or over","Domestic","Males","1,436,160",""
"2014","Latvia","Number","Personal reasons","1 night or over","Domestic","Females","1,736,614",""
"2014","Latvia","Number","Personal reasons","1 night or over","Outbound","Males","493,328",""
"2014","Latvia","Number","Personal reasons","1 night or over","Outbound","Females","703,639",""
"2014","Lithuania","Number","Personal reasons","1 night or over","Domestic","Males","1,093,393",""
"2014","Lithuania","Number","Personal reasons","1 night or over","Domestic","Females","1,222,848",""
"2014","Lithuania","Number","Personal reasons","1 night or over","Outbound","Males","675,202",""
"2014","Lithuania","Number","Personal reasons","1 night or over","Outbound","Females","749,028",""
"2014","Luxembourg","Number","Personal reasons","1 night or over","Domestic","Males","11,911","u"
"2014","Luxembourg","Number","Personal reasons","1 night or over","Domestic","Females","13,529","u"
"2014","Luxembourg","Number","Personal reasons","1 night or over","Outbound","Males","799,256",""
"2014","Luxembourg","Number","Personal reasons","1 night or over","Outbound","Females","716,244",""
"2014","Hungary","Number","Personal reasons","1 night or over","Domestic","Males","5,532,250",""
"2014","Hungary","Number","Personal reasons","1 night or over","Domestic","Females","6,725,820",""
"2014","Hungary","Number","Personal reasons","1 night or over","Outbound","Males","2,095,411",""
"2014","Hungary","Number","Personal reasons","1 night or over","Outbound","Females","2,206,560",""
"2014","Malta","Number","Personal reasons","1 night or over","Domestic","Males","103,050","b"
"2014","Malta","Number","Personal reasons","1 night or over","Domestic","Females","92,931","b"
"2014","Malta","Number","Personal reasons","1 night or over","Outbound","Males","137,447","b"
"2014","Malta","Number","Personal reasons","1 night or over","Outbound","Females","152,375","b"
"2014","Netherlands","Number","Personal reasons","1 night or over","Domestic","Males","11,252,073",""
"2014","Netherlands","Number","Personal reasons","1 night or over","Domestic","Females","12,678,573",""
"2014","Netherlands","Number","Personal reasons","1 night or over","Outbound","Males","8,355,743",""
"2014","Netherlands","Number","Personal reasons","1 night or over","Outbound","Females","7,914,072",""
"2014","Austria","Number","Personal reasons","1 night or over","Domestic","Males","4,396,864",""
"2014","Austria","Number","Personal reasons","1 night or over","Domestic","Females","5,176,299",""
"2014","Austria","Number","Personal reasons","1 night or over","Outbound","Males","4,012,249",""
"2014","Austria","Number","Personal reasons","1 night or over","Outbound","Females","4,755,384",""
"2014","Poland","Number","Personal reasons","1 night or over","Domestic","Males","16,647,721","b"
"2014","Poland","Number","Personal reasons","1 night or over","Domestic","Females","20,477,484","b"
"2014","Poland","Number","Personal reasons","1 night or over","Outbound","Males","4,185,178","b"
"2014","Poland","Number","Personal reasons","1 night or over","Outbound","Females","5,290,739","b"
"2014","Portugal","Number","Personal reasons","1 night or over","Domestic","Males","5,575,747",""
"2014","Portugal","Number","Personal reasons","1 night or over","Domestic","Females","6,588,062",""
"2014","Portugal","Number","Personal reasons","1 night or over","Outbound","Males","487,581",""
"2014","Portugal","Number","Personal reasons","1 night or over","Outbound","Females","551,844",""
"2014","Romania","Number","Personal reasons","1 night or over","Domestic","Males","7,955,587",""
"2014","Romania","Number","Personal reasons","1 night or over","Domestic","Females","7,877,316",""
"2014","Romania","Number","Personal reasons","1 night or over","Outbound","Males","507,521",""
"2014","Romania","Number","Personal reasons","1 night or over","Outbound","Females","514,829",""
"2014","Slovenia","Number","Personal reasons","1 night or over","Domestic","Males","852,444",""
"2014","Slovenia","Number","Personal reasons","1 night or over","Domestic","Females","942,672",""
"2014","Slovenia","Number","Personal reasons","1 night or over","Outbound","Males","1,034,559",""
"2014","Slovenia","Number","Personal reasons","1 night or over","Outbound","Females","1,215,161",""
"2014","Slovakia","Number","Personal reasons","1 night or over","Domestic","Males","1,606,703",""
"2014","Slovakia","Number","Personal reasons","1 night or over","Domestic","Females","2,483,520",""
"2014","Slovakia","Number","Personal reasons","1 night or over","Outbound","Males","696,058",""
"2014","Slovakia","Number","Personal reasons","1 night or over","Outbound","Females","1,197,294",""
"2014","Finland","Number","Personal reasons","1 night or over","Domestic","Males","12,436,872",""
"2014","Finland","Number","Personal reasons","1 night or over","Domestic","Females","12,771,957",""
"2014","Finland","Number","Personal reasons","1 night or over","Outbound","Males","3,218,424",""
"2014","Finland","Number","Personal reasons","1 night or over","Outbound","Females","3,843,627",""
"2014","Sweden","Number","Personal reasons","1 night or over","Domestic","Males","11,703,725",""
"2014","Sweden","Number","Personal reasons","1 night or over","Domestic","Females","12,180,072",""
"2014","Sweden","Number","Personal reasons","1 night or over","Outbound","Males","4,127,530",""
"2014","Sweden","Number","Personal reasons","1 night or over","Outbound","Females","4,211,819",""
"2015","European Union - 27 countries (from 2020)","Number","Personal reasons","1 night or over","Domestic","Males","332,596,242",""
"2015","European Union - 27 countries (from 2020)","Number","Personal reasons","1 night or over","Domestic","Females","364,550,528",""
"2015","European Union - 27 countries (from 2020)","Number","Personal reasons","1 night or over","Outbound","Males","104,010,322",""
"2015","European Union - 27 countries (from 2020)","Number","Personal reasons","1 night or over","Outbound","Females","110,538,544",""
"2015","Belgium","Number","Personal reasons","1 night or over","Domestic","Males","1,509,117",""
"2015","Belgium","Number","Personal reasons","1 night or over","Domestic","Females","1,624,101",""
"2015","Belgium","Number","Personal reasons","1 night or over","Outbound","Males","4,806,986",""
"2015","Belgium","Number","Personal reasons","1 night or over","Outbound","Females","4,932,462",""
"2015","Bulgaria","Number","Personal reasons","1 night or over","Domestic","Males","1,194,196",""
"2015","Bulgaria","Number","Personal reasons","1 night or over","Domestic","Females","1,236,440",""
"2015","Bulgaria","Number","Personal reasons","1 night or over","Outbound","Males","215,366",""
"2015","Bulgaria","Number","Personal reasons","1 night or over","Outbound","Females","268,111",""
"2015","Czechia","Number","Personal reasons","1 night or over","Domestic","Males","10,857,388",""
"2015","Czechia","Number","Personal reasons","1 night or over","Domestic","Females","12,429,884",""
"2015","Czechia","Number","Personal reasons","1 night or over","Outbound","Males","2,740,582",""
"2015","Czechia","Number","Personal reasons","1 night or over","Outbound","Females","2,703,652",""
"2015","Denmark","Number","Personal reasons","1 night or over","Domestic","Males","11,217,930",""
"2015","Denmark","Number","Personal reasons","1 night or over","Domestic","Females","11,604,064",""
"2015","Denmark","Number","Personal reasons","1 night or over","Outbound","Males","3,640,506",""
"2015","Denmark","Number","Personal reasons","1 night or over","Outbound","Females","3,655,973",""
"2015","Germany (until 1990 former territory of the FRG)","Number","Personal reasons","1 night or over","Domestic","Males","63,551,060",""
"2015","Germany (until 1990 former territory of the FRG)","Number","Personal reasons","1 night or over","Domestic","Females","71,952,073",""
"2015","Germany (until 1990 former territory of the FRG)","Number","Personal reasons","1 night or over","Outbound","Males","36,606,473",""
"2015","Germany (until 1990 former territory of the FRG)","Number","Personal reasons","1 night or over","Outbound","Females","37,973,688",""
"2015","Estonia","Number","Personal reasons","1 night or over","Domestic","Males","1,109,814",""
"2015","Estonia","Number","Personal reasons","1 night or over","Domestic","Females","1,272,837",""
"2015","Estonia","Number","Personal reasons","1 night or over","Outbound","Males","407,518",""
"2015","Estonia","Number","Personal reasons","1 night or over","Outbound","Females","503,484",""
"2015","Ireland","Number","Personal reasons","1 night or over","Domestic","Males","2,892,708",""
"2015","Ireland","Number","Personal reasons","1 night or over","Domestic","Females","3,629,452",""
"2015","Ireland","Number","Personal reasons","1 night or over","Outbound","Males","2,409,277",""
"2015","Ireland","Number","Personal reasons","1 night or over","Outbound","Females","2,788,623",""
"2015","Greece","Number","Personal reasons","1 night or over","Domestic","Males","2,246,832",""
"2015","Greece","Number","Personal reasons","1 night or over","Domestic","Females","2,594,597",""
"2015","Greece","Number","Personal reasons","1 night or over","Outbound","Males","294,019",""
"2015","Greece","Number","Personal reasons","1 night or over","Outbound","Females","317,088",""
"2015","Spain","Number","Personal reasons","1 night or over","Domestic","Males","59,077,726","b"
"2015","Spain","Number","Personal reasons","1 night or over","Domestic","Females","59,219,769","b"
"2015","Spain","Number","Personal reasons","1 night or over","Outbound","Males","5,434,397","b"
"2015","Spain","Number","Personal reasons","1 night or over","Outbound","Females","5,649,168","b"
"2015","France","Number","Personal reasons","1 night or over","Domestic","Males","76,697,933",""
"2015","France","Number","Personal reasons","1 night or over","Domestic","Females","85,246,486",""
"2015","France","Number","Personal reasons","1 night or over","Outbound","Males","10,081,258",""
"2015","France","Number","Personal reasons","1 night or over","Outbound","Females","11,084,966",""
"2015","Croatia","Number","Personal reasons","1 night or over","Domestic","Males","1,814,587",""
"2015","Croatia","Number","Personal reasons","1 night or over","Domestic","Females","1,773,111",""
"2015","Croatia","Number","Personal reasons","1 night or over","Outbound","Males","959,960",""
"2015","Croatia","Number","Personal reasons","1 night or over","Outbound","Females","1,105,840",""
"2015","Italy","Number","Personal reasons","1 night or over","Domestic","Males","16,715,361",""
"2015","Italy","Number","Personal reasons","1 night or over","Domestic","Females","18,604,594",""
"2015","Italy","Number","Personal reasons","1 night or over","Outbound","Males","4,098,945",""
"2015","Italy","Number","Personal reasons","1 night or over","Outbound","Females","4,456,448",""
"2015","Cyprus","Number","Personal reasons","1 night or over","Domestic","Males","623,867",""
"2015","Cyprus","Number","Personal reasons","1 night or over","Domestic","Females","657,309",""
"2015","Cyprus","Number","Personal reasons","1 night or over","Outbound","Males","412,087",""
"2015","Cyprus","Number","Personal reasons","1 night or over","Outbound","Females","503,868",""
"2015","Latvia","Number","Personal reasons","1 night or over","Domestic","Males","1,239,983",""
"2015","Latvia","Number","Personal reasons","1 night or over","Domestic","Females","1,645,042",""
"2015","Latvia","Number","Personal reasons","1 night or over","Outbound","Males","477,241",""
"2015","Latvia","Number","Personal reasons","1 night or over","Outbound","Females","610,094",""
"2015","Lithuania","Number","Personal reasons","1 night or over","Domestic","Males","1,098,376",""
"2015","Lithuania","Number","Personal reasons","1 night or over","Domestic","Females","1,223,239",""
"2015","Lithuania","Number","Personal reasons","1 night or over","Outbound","Males","712,194",""
"2015","Lithuania","Number","Personal reasons","1 night or over","Outbound","Females","762,503",""
"2015","Luxembourg","Number","Personal reasons","1 night or over","Domestic","Males","13,250","u"
"2015","Luxembourg","Number","Personal reasons","1 night or over","Domestic","Females","6,878","u"
"2015","Luxembourg","Number","Personal reasons","1 night or over","Outbound","Males","716,592",""
"2015","Luxembourg","Number","Personal reasons","1 night or over","Outbound","Females","734,918",""
"2015","Hungary","Number","Personal reasons","1 night or over","Domestic","Males","5,613,027",""
"2015","Hungary","Number","Personal reasons","1 night or over","Domestic","Females","6,687,756",""
"2015","Hungary","Number","Personal reasons","1 night or over","Outbound","Males","2,414,516",""
"2015","Hungary","Number","Personal reasons","1 night or over","Outbound","Females","2,568,649",""
"2015","Malta","Number","Personal reasons","1 night or over","Domestic","Males","96,840",""
"2015","Malta","Number","Personal reasons","1 night or over","Domestic","Females","103,683",""
"2015","Malta","Number","Personal reasons","1 night or over","Outbound","Males","162,809",""
"2015","Malta","Number","Personal reasons","1 night or over","Outbound","Females","154,408",""
"2015","Netherlands","Number","Personal reasons","1 night or over","Domestic","Males","10,981,118",""
"2015","Netherlands","Number","Personal reasons","1 night or over","Domestic","Females","12,209,544",""
"2015","Netherlands","Number","Personal reasons","1 night or over","Outbound","Males","7,895,514",""
"2015","Netherlands","Number","Personal reasons","1 night or over","Outbound","Females","8,223,572",""
"2015","Austria","Number","Personal reasons","1 night or over","Domestic","Males","4,128,206",""
"2015","Austria","Number","Personal reasons","1 night or over","Domestic","Females","5,069,486",""
"2015","Austria","Number","Personal reasons","1 night or over","Outbound","Males","4,115,613",""
"2015","Austria","Number","Personal reasons","1 night or over","Outbound","Females","4,594,258",""
"2015","Poland","Number","Personal reasons","1 night or over","Domestic","Males","17,341,141",""
"2015","Poland","Number","Personal reasons","1 night or over","Domestic","Females","21,253,555",""
"2015","Poland","Number","Personal reasons","1 night or over","Outbound","Males","4,680,765",""
"2015","Poland","Number","Personal reasons","1 night or over","Outbound","Females","5,425,036",""
"2015","Portugal","Number","Personal reasons","1 night or over","Domestic","Males","5,970,325",""
"2015","Portugal","Number","Personal reasons","1 night or over","Domestic","Females","7,000,855",""
"2015","Portugal","Number","Personal reasons","1 night or over","Outbound","Males","549,711",""
"2015","Portugal","Number","Personal reasons","1 night or over","Outbound","Females","650,364",""
"2015","Romania","Number","Personal reasons","1 night or over","Domestic","Males","7,586,113",""
"2015","Romania","Number","Personal reasons","1 night or over","Domestic","Females","7,472,611",""
"2015","Romania","Number","Personal reasons","1 night or over","Outbound","Males","466,199",""
"2015","Romania","Number","Personal reasons","1 night or over","Outbound","Females","546,009",""
"2015","Slovenia","Number","Personal reasons","1 night or over","Domestic","Males","720,381",""
"2015","Slovenia","Number","Personal reasons","1 night or over","Domestic","Females","731,653",""
"2015","Slovenia","Number","Personal reasons","1 night or over","Outbound","Males","1,213,472",""
"2015","Slovenia","Number","Personal reasons","1 night or over","Outbound","Females","1,203,649",""
"2015","Slovakia","Number","Personal reasons","1 night or over","Domestic","Males","2,190,088",""
"2015","Slovakia","Number","Personal reasons","1 night or over","Domestic","Females","2,546,764",""
"2015","Slovakia","Number","Personal reasons","1 night or over","Outbound","Males","1,054,794",""
"2015","Slovakia","Number","Personal reasons","1 night or over","Outbound","Females","1,192,405",""
"2015","Finland","Number","Personal reasons","1 night or over","Domestic","Males","12,411,348",""
"2015","Finland","Number","Personal reasons","1 night or over","Domestic","Females","13,309,853",""
"2015","Finland","Number","Personal reasons","1 night or over","Outbound","Males","3,298,121",""
"2015","Finland","Number","Personal reasons","1 night or over","Outbound","Females","3,962,183",""
"2015","Sweden","Number","Personal reasons","1 night or over","Domestic","Males","13,697,528",""
"2015","Sweden","Number","Personal reasons","1 night or over","Domestic","Females","13,444,891",""
"2015","Sweden","Number","Personal reasons","1 night or over","Outbound","Males","4,145,410",""
"2015","Sweden","Number","Personal reasons","1 night or over","Outbound","Females","3,967,125",""
"2016","European Union - 27 countries (from 2020)","Number","Personal reasons","1 night or over","Domestic","Males","340,762,307",""
"2016","European Union - 27 countries (from 2020)","Number","Personal reasons","1 night or over","Domestic","Females","370,119,144",""
"2016","European Union - 27 countries (from 2020)","Number","Personal reasons","1 night or over","Outbound","Males","109,346,762",""
"2016","European Union - 27 countries (from 2020)","Number","Personal reasons","1 night or over","Outbound","Females","116,392,045",""
"2016","Belgium","Number","Personal reasons","1 night or over","Domestic","Males","1,246,220",""
"2016","Belgium","Number","Personal reasons","1 night or over","Domestic","Females","1,574,082",""
"2016","Belgium","Number","Personal reasons","1 night or over","Outbound","Males","5,550,802",""
"2016","Belgium","Number","Personal reasons","1 night or over","Outbound","Females","6,246,053",""
"2016","Bulgaria","Number","Personal reasons","1 night or over","Domestic","Males","1,344,838",""
"2016","Bulgaria","Number","Personal reasons","1 night or over","Domestic","Females","1,529,933",""
"2016","Bulgaria","Number","Personal reasons","1 night or over","Outbound","Males","251,687",""
"2016","Bulgaria","Number","Personal reasons","1 night or over","Outbound","Females","293,318",""
"2016","Czechia","Number","Personal reasons","1 night or over","Domestic","Males","12,532,263",""
"2016","Czechia","Number","Personal reasons","1 night or over","Domestic","Females","13,523,369",""
"2016","Czechia","Number","Personal reasons","1 night or over","Outbound","Males","2,781,033",""
"2016","Czechia","Number","Personal reasons","1 night or over","Outbound","Females","2,770,809",""
"2016","Denmark","Number","Personal reasons","1 night or over","Domestic","Males","9,014,757",""
"2016","Denmark","Number","Personal reasons","1 night or over","Domestic","Females","11,440,410",""
"2016","Denmark","Number","Personal reasons","1 night or over","Outbound","Males","3,147,164",""
"2016","Denmark","Number","Personal reasons","1 night or over","Outbound","Females","3,717,784",""
"2016","Germany (until 1990 former territory of the FRG)","Number","Personal reasons","1 night or over","Domestic","Males","64,861,988",""
"2016","Germany (until 1990 former territory of the FRG)","Number","Personal reasons","1 night or over","Domestic","Females","67,916,487",""
"2016","Germany (until 1990 former territory of the FRG)","Number","Personal reasons","1 night or over","Outbound","Males","40,066,166",""
"2016","Germany (until 1990 former territory of the FRG)","Number","Personal reasons","1 night or over","Outbound","Females","40,650,779",""
"2016","Estonia","Number","Personal reasons","1 night or over","Domestic","Males","1,366,620",""
"2016","Estonia","Number","Personal reasons","1 night or over","Domestic","Females","1,459,932",""
"2016","Estonia","Number","Personal reasons","1 night or over","Outbound","Males","411,885",""
"2016","Estonia","Number","Personal reasons","1 night or over","Outbound","Females","504,644",""
"2016","Ireland","Number","Personal reasons","1 night or over","Domestic","Males","2,952,393",""
"2016","Ireland","Number","Personal reasons","1 night or over","Domestic","Females","3,876,281",""
"2016","Ireland","Number","Personal reasons","1 night or over","Outbound","Males","2,593,034",""
"2016","Ireland","Number","Personal reasons","1 night or over","Outbound","Females","2,984,638",""
"2016","Greece","Number","Personal reasons","1 night or over","Domestic","Males","2,130,005",""
"2016","Greece","Number","Personal reasons","1 night or over","Domestic","Females","2,460,489",""
"2016","Greece","Number","Personal reasons","1 night or over","Outbound","Males","276,887",""
"2016","Greece","Number","Personal reasons","1 night or over","Outbound","Females","324,941",""
"2016","Spain","Number","Personal reasons","1 night or over","Domestic","Males","61,660,744",""
"2016","Spain","Number","Personal reasons","1 night or over","Domestic","Females","63,366,188",""
"2016","Spain","Number","Personal reasons","1 night or over","Outbound","Males","5,332,794",""
"2016","Spain","Number","Personal reasons","1 night or over","Outbound","Females","6,358,276",""
"2016","France","Number","Personal reasons","1 night or over","Domestic","Males","75,398,663",""
"2016","France","Number","Personal reasons","1 night or over","Domestic","Females","83,243,741",""
"2016","France","Number","Personal reasons","1 night or over","Outbound","Males","9,960,370",""
"2016","France","Number","Personal reasons","1 night or over","Outbound","Females","11,010,905",""
"2016","Croatia","Number","Personal reasons","1 night or over","Domestic","Males","1,309,269",""
"2016","Croatia","Number","Personal reasons","1 night or over","Domestic","Females","1,237,006",""
"2016","Croatia","Number","Personal reasons","1 night or over","Outbound","Males","592,879",""
"2016","Croatia","Number","Personal reasons","1 night or over","Outbound","Females","618,521",""
"2016","Italy","Number","Personal reasons","1 night or over","Domestic","Males","19,605,316",""
"2016","Italy","Number","Personal reasons","1 night or over","Domestic","Females","22,413,565",""
"2016","Italy","Number","Personal reasons","1 night or over","Outbound","Males","4,198,941",""
"2016","Italy","Number","Personal reasons","1 night or over","Outbound","Females","4,610,941",""
"2016","Cyprus","Number","Personal reasons","1 night or over","Domestic","Males","616,285",""
"2016","Cyprus","Number","Personal reasons","1 night or over","Domestic","Females","742,846",""
"2016","Cyprus","Number","Personal reasons","1 night or over","Outbound","Males","452,842",""
"2016","Cyprus","Number","Personal reasons","1 night or over","Outbound","Females","567,869",""
"2016","Latvia","Number","Personal reasons","1 night or over","Domestic","Males","1,377,109",""
"2016","Latvia","Number","Personal reasons","1 night or over","Domestic","Females","1,640,913",""
"2016","Latvia","Number","Personal reasons","1 night or over","Outbound","Males","460,386",""
"2016","Latvia","Number","Personal reasons","1 night or over","Outbound","Females","593,451",""
"2016","Lithuania","Number","Personal reasons","1 night or over","Domestic","Males","1,056,024",""
"2016","Lithuania","Number","Personal reasons","1 night or over","Domestic","Females","1,161,349",""
"2016","Lithuania","Number","Personal reasons","1 night or over","Outbound","Males","717,837",""
"2016","Lithuania","Number","Personal reasons","1 night or over","Outbound","Females","822,289",""
"2016","Luxembourg","Number","Personal reasons","1 night or over","Domestic","Males",":","u"
"2016","Luxembourg","Number","Personal reasons","1 night or over","Domestic","Females","10,933","u"
"2016","Luxembourg","Number","Personal reasons","1 night or over","Outbound","Males","705,700",""
"2016","Luxembourg","Number","Personal reasons","1 night or over","Outbound","Females","687,776",""
"2016","Hungary","Number","Personal reasons","1 night or over","Domestic","Males","5,473,315",""
"2016","Hungary","Number","Personal reasons","1 night or over","Domestic","Females","6,305,395",""
"2016","Hungary","Number","Personal reasons","1 night or over","Outbound","Males","2,731,344",""
"2016","Hungary","Number","Personal reasons","1 night or over","Outbound","Females","2,879,399",""
"2016","Malta","Number","Personal reasons","1 night or over","Domestic","Males","157,387",""
"2016","Malta","Number","Personal reasons","1 night or over","Domestic","Females","145,682",""
"2016","Malta","Number","Personal reasons","1 night or over","Outbound","Males","158,796",""
"2016","Malta","Number","Personal reasons","1 night or over","Outbound","Females","175,211",""
"2016","Netherlands","Number","Personal reasons","1 night or over","Domestic","Males","10,797,065",""
"2016","Netherlands","Number","Personal reasons","1 night or over","Domestic","Females","12,679,442",""
"2016","Netherlands","Number","Personal reasons","1 night or over","Outbound","Males","8,389,593",""
"2016","Netherlands","Number","Personal reasons","1 night or over","Outbound","Females","8,385,319",""
"2016","Austria","Number","Personal reasons","1 night or over","Domestic","Males","4,655,483",""
"2016","Austria","Number","Personal reasons","1 night or over","Domestic","Females","5,408,025",""
"2016","Austria","Number","Personal reasons","1 night or over","Outbound","Males","4,424,064",""
"2016","Austria","Number","Personal reasons","1 night or over","Outbound","Females","5,195,397",""
"2016","Poland","Number","Personal reasons","1 night or over","Domestic","Males","19,006,684",""
"2016","Poland","Number","Personal reasons","1 night or over","Domestic","Females","23,130,122",""
"2016","Poland","Number","Personal reasons","1 night or over","Outbound","Males","4,902,400",""
"2016","Poland","Number","Personal reasons","1 night or over","Outbound","Females","5,509,389",""
"2016","Portugal","Number","Personal reasons","1 night or over","Domestic","Males","6,027,429",""
"2016","Portugal","Number","Personal reasons","1 night or over","Domestic","Females","7,135,833",""
"2016","Portugal","Number","Personal reasons","1 night or over","Outbound","Males","542,660",""
"2016","Portugal","Number","Personal reasons","1 night or over","Outbound","Females","669,153",""
"2016","Romania","Number","Personal reasons","1 night or over","Domestic","Males","7,961,907",""
"2016","Romania","Number","Personal reasons","1 night or over","Domestic","Females","7,753,956",""
"2016","Romania","Number","Personal reasons","1 night or over","Outbound","Males","488,401",""
"2016","Romania","Number","Personal reasons","1 night or over","Outbound","Females","564,171",""
"2016","Slovenia","Number","Personal reasons","1 night or over","Domestic","Males","735,671",""
"2016","Slovenia","Number","Personal reasons","1 night or over","Domestic","Females","883,477",""
"2016","Slovenia","Number","Personal reasons","1 night or over","Outbound","Males","1,145,160",""
"2016","Slovenia","Number","Personal reasons","1 night or over","Outbound","Females","1,291,379",""
"2016","Slovakia","Number","Personal reasons","1 night or over","Domestic","Males","2,705,051",""
"2016","Slovakia","Number","Personal reasons","1 night or over","Domestic","Females","3,119,157",""
"2016","Slovakia","Number","Personal reasons","1 night or over","Outbound","Males","1,110,588",""
"2016","Slovakia","Number","Personal reasons","1 night or over","Outbound","Females","1,380,883",""
"2016","Finland","Number","Personal reasons","1 night or over","Domestic","Males","12,746,822",""
"2016","Finland","Number","Personal reasons","1 night or over","Domestic","Females","13,181,793",""
"2016","Finland","Number","Personal reasons","1 night or over","Outbound","Males","3,468,064",""
"2016","Finland","Number","Personal reasons","1 night or over","Outbound","Females","3,809,367",""
"2016","Sweden","Number","Personal reasons","1 night or over","Domestic","Males","14,016,027",""
"2016","Sweden","Number","Personal reasons","1 night or over","Domestic","Females","12,778,738",""
"2016","Sweden","Number","Personal reasons","1 night or over","Outbound","Males","4,485,282",""
"2016","Sweden","Number","Personal reasons","1 night or over","Outbound","Females","3,769,383",""
"2017","European Union - 27 countries (from 2020)","Number","Personal reasons","1 night or over","Domestic","Males","345,491,059",""
"2017","European Union - 27 countries (from 2020)","Number","Personal reasons","1 night or over","Domestic","Females","382,837,038",""
"2017","European Union - 27 countries (from 2020)","Number","Personal reasons","1 night or over","Outbound","Males","116,287,362",""
"2017","European Union - 27 countries (from 2020)","Number","Personal reasons","1 night or over","Outbound","Females","130,236,483",""
"2017","Belgium","Number","Personal reasons","1 night or over","Domestic","Males","1,433,400","b"
"2017","Belgium","Number","Personal reasons","1 night or over","Domestic","Females","1,517,434","b"
"2017","Belgium","Number","Personal reasons","1 night or over","Outbound","Males","5,322,303","b"
"2017","Belgium","Number","Personal reasons","1 night or over","Outbound","Females","5,678,152","b"
"2017","Bulgaria","Number","Personal reasons","1 night or over","Domestic","Males","2,237,567",""
"2017","Bulgaria","Number","Personal reasons","1 night or over","Domestic","Females","2,333,310",""
"2017","Bulgaria","Number","Personal reasons","1 night or over","Outbound","Males","336,087",""
"2017","Bulgaria","Number","Personal reasons","1 night or over","Outbound","Females","361,033",""
"2017","Czechia","Number","Personal reasons","1 night or over","Domestic","Males","13,503,114",""
"2017","Czechia","Number","Personal reasons","1 night or over","Domestic","Females","14,652,934",""
"2017","Czechia","Number","Personal reasons","1 night or over","Outbound","Males","2,918,048",""
"2017","Czechia","Number","Personal reasons","1 night or over","Outbound","Females","3,339,005",""
"2017","Denmark","Number","Personal reasons","1 night or over","Domestic","Males","8,194,186",""
"2017","Denmark","Number","Personal reasons","1 night or over","Domestic","Females","8,889,114",""
"2017","Denmark","Number","Personal reasons","1 night or over","Outbound","Males","3,097,469",""
"2017","Denmark","Number","Personal reasons","1 night or over","Outbound","Females","3,477,595",""
"2017","Germany (until 1990 former territory of the FRG)","Number","Personal reasons","1 night or over","Domestic","Males","58,237,782",""
"2017","Germany (until 1990 former territory of the FRG)","Number","Personal reasons","1 night or over","Domestic","Females","63,471,165",""
"2017","Germany (until 1990 former territory of the FRG)","Number","Personal reasons","1 night or over","Outbound","Males","37,878,085",""
"2017","Germany (until 1990 former territory of the FRG)","Number","Personal reasons","1 night or over","Outbound","Females","42,709,112",""
"2017","Estonia","Number","Personal reasons","1 night or over","Domestic","Males","1,311,926",""
"2017","Estonia","Number","Personal reasons","1 night or over","Domestic","Females","1,558,451",""
"2017","Estonia","Number","Personal reasons","1 night or over","Outbound","Males","391,322",""
"2017","Estonia","Number","Personal reasons","1 night or over","Outbound","Females","569,228",""
"2017","Ireland","Number","Personal reasons","1 night or over","Domestic","Males","3,221,110",""
"2017","Ireland","Number","Personal reasons","1 night or over","Domestic","Females","3,929,209",""
"2017","Ireland","Number","Personal reasons","1 night or over","Outbound","Males","2,874,454",""
"2017","Ireland","Number","Personal reasons","1 night or over","Outbound","Females","3,354,955",""
"2017","Greece","Number","Personal reasons","1 night or over","Domestic","Males","2,486,680",""
"2017","Greece","Number","Personal reasons","1 night or over","Domestic","Females","2,809,743",""
"2017","Greece","Number","Personal reasons","1 night or over","Outbound","Males","272,394",""
"2017","Greece","Number","Personal reasons","1 night or over","Outbound","Females","348,484",""
"2017","Spain","Number","Personal reasons","1 night or over","Domestic","Males","65,487,004",""
"2017","Spain","Number","Personal reasons","1 night or over","Domestic","Females","66,464,371",""
"2017","Spain","Number","Personal reasons","1 night or over","Outbound","Males","5,756,252",""
"2017","Spain","Number","Personal reasons","1 night or over","Outbound","Females","7,023,816",""
"2017","France","Number","Personal reasons","1 night or over","Domestic","Males","77,617,084",""
"2017","France","Number","Personal reasons","1 night or over","Domestic","Females","94,086,621",""
"2017","France","Number","Personal reasons","1 night or over","Outbound","Males","11,430,002",""
"2017","France","Number","Personal reasons","1 night or over","Outbound","Females","13,039,847",""
"2017","Croatia","Number","Personal reasons","1 night or over","Domestic","Males","1,217,080",""
"2017","Croatia","Number","Personal reasons","1 night or over","Domestic","Females","1,335,113",""
"2017","Croatia","Number","Personal reasons","1 night or over","Outbound","Males","729,873",""
"2017","Croatia","Number","Personal reasons","1 night or over","Outbound","Females","775,684",""
"2017","Italy","Number","Personal reasons","1 night or over","Domestic","Males","19,493,309",""
"2017","Italy","Number","Personal reasons","1 night or over","Domestic","Females","21,334,824",""
"2017","Italy","Number","Personal reasons","1 night or over","Outbound","Males","4,716,428",""
"2017","Italy","Number","Personal reasons","1 night or over","Outbound","Females","5,250,371",""
"2017","Cyprus","Number","Personal reasons","1 night or over","Domestic","Males","678,941",""
"2017","Cyprus","Number","Personal reasons","1 night or over","Domestic","Females","704,702",""
"2017","Cyprus","Number","Personal reasons","1 night or over","Outbound","Males","475,281",""
"2017","Cyprus","Number","Personal reasons","1 night or over","Outbound","Females","656,034",""
"2017","Latvia","Number","Personal reasons","1 night or over","Domestic","Males","1,367,768",""
"2017","Latvia","Number","Personal reasons","1 night or over","Domestic","Females","1,492,497",""
"2017","Latvia","Number","Personal reasons","1 night or over","Outbound","Males","463,671",""
"2017","Latvia","Number","Personal reasons","1 night or over","Outbound","Females","645,248",""
"2017","Lithuania","Number","Personal reasons","1 night or over","Domestic","Males","1,034,557",""
"2017","Lithuania","Number","Personal reasons","1 night or over","Domestic","Females","1,170,165",""
"2017","Lithuania","Number","Personal reasons","1 night or over","Outbound","Males","736,733",""
"2017","Lithuania","Number","Personal reasons","1 night or over","Outbound","Females","846,824",""
"2017","Luxembourg","Number","Personal reasons","1 night or over","Domestic","Males","22,062","u"
"2017","Luxembourg","Number","Personal reasons","1 night or over","Domestic","Females","10,696","u"
"2017","Luxembourg","Number","Personal reasons","1 night or over","Outbound","Males","993,957",""
"2017","Luxembourg","Number","Personal reasons","1 night or over","Outbound","Females","949,111",""
"2017","Hungary","Number","Personal reasons","1 night or over","Domestic","Males","5,472,324",""
"2017","Hungary","Number","Personal reasons","1 night or over","Domestic","Females","6,400,028",""
"2017","Hungary","Number","Personal reasons","1 night or over","Outbound","Males","2,964,468",""
"2017","Hungary","Number","Personal reasons","1 night or over","Outbound","Females","3,077,119",""
"2017","Malta","Number","Personal reasons","1 night or over","Domestic","Males","126,578",""
"2017","Malta","Number","Personal reasons","1 night or over","Domestic","Females","126,459",""
"2017","Malta","Number","Personal reasons","1 night or over","Outbound","Males","214,654",""
"2017","Malta","Number","Personal reasons","1 night or over","Outbound","Females","220,698",""
"2017","Netherlands","Number","Personal reasons","1 night or over","Domestic","Males","10,984,865",""
"2017","Netherlands","Number","Personal reasons","1 night or over","Domestic","Females","12,148,132",""
"2017","Netherlands","Number","Personal reasons","1 night or over","Outbound","Males","9,217,239",""
"2017","Netherlands","Number","Personal reasons","1 night or over","Outbound","Females","9,195,231",""
"2017","Austria","Number","Personal reasons","1 night or over","Domestic","Males","4,643,907",""
"2017","Austria","Number","Personal reasons","1 night or over","Domestic","Females","5,204,656",""
"2017","Austria","Number","Personal reasons","1 night or over","Outbound","Males","4,609,487",""
"2017","Austria","Number","Personal reasons","1 night or over","Outbound","Females","5,142,894",""
"2017","Poland","Number","Personal reasons","1 night or over","Domestic","Males","20,116,115",""
"2017","Poland","Number","Personal reasons","1 night or over","Domestic","Females","24,167,342",""
"2017","Poland","Number","Personal reasons","1 night or over","Outbound","Males","5,072,222",""
"2017","Poland","Number","Personal reasons","1 night or over","Outbound","Females","5,821,178",""
"2017","Portugal","Number","Personal reasons","1 night or over","Domestic","Males","6,689,499",""
"2017","Portugal","Number","Personal reasons","1 night or over","Domestic","Females","7,818,223",""
"2017","Portugal","Number","Personal reasons","1 night or over","Outbound","Males","703,949",""
"2017","Portugal","Number","Personal reasons","1 night or over","Outbound","Females","813,337",""
"2017","Romania","Number","Personal reasons","1 night or over","Domestic","Males","8,205,412",""
"2017","Romania","Number","Personal reasons","1 night or over","Domestic","Females","8,002,683",""
"2017","Romania","Number","Personal reasons","1 night or over","Outbound","Males","515,078",""
"2017","Romania","Number","Personal reasons","1 night or over","Outbound","Females","547,561",""
"2017","Slovenia","Number","Personal reasons","1 night or over","Domestic","Males","714,519",""
"2017","Slovenia","Number","Personal reasons","1 night or over","Domestic","Females","1,006,063",""
"2017","Slovenia","Number","Personal reasons","1 night or over","Outbound","Males","1,180,051",""
"2017","Slovenia","Number","Personal reasons","1 night or over","Outbound","Females","1,387,528",""
"2017","Slovakia","Number","Personal reasons","1 night or over","Domestic","Males","3,238,857",""
"2017","Slovakia","Number","Personal reasons","1 night or over","Domestic","Females","2,941,456",""
"2017","Slovakia","Number","Personal reasons","1 night or over","Outbound","Males","1,380,962",""
"2017","Slovakia","Number","Personal reasons","1 night or over","Outbound","Females","1,760,110",""
"2017","Finland","Number","Personal reasons","1 night or over","Domestic","Males","12,942,431",""
"2017","Finland","Number","Personal reasons","1 night or over","Domestic","Females","13,441,238",""
"2017","Finland","Number","Personal reasons","1 night or over","Outbound","Males","3,509,829",""
"2017","Finland","Number","Personal reasons","1 night or over","Outbound","Females","4,104,196",""
"2017","Sweden","Number","Personal reasons","1 night or over","Domestic","Males","14,812,982",""
"2017","Sweden","Number","Personal reasons","1 night or over","Domestic","Females","15,820,408",""
"2017","Sweden","Number","Personal reasons","1 night or over","Outbound","Males","8,527,066",""
"2017","Sweden","Number","Personal reasons","1 night or over","Outbound","Females","9,142,131",""
"2018","European Union - 27 countries (from 2020)","Number","Personal reasons","1 night or over","Domestic","Males","346,911,022",""
"2018","European Union - 27 countries (from 2020)","Number","Personal reasons","1 night or over","Domestic","Females","387,787,691",""
"2018","European Union - 27 countries (from 2020)","Number","Personal reasons","1 night or over","Outbound","Males","129,374,280",""
"2018","European Union - 27 countries (from 2020)","Number","Personal reasons","1 night or over","Outbound","Females","141,809,656",""
"2018","Belgium","Number","Personal reasons","1 night or over","Domestic","Males","1,699,353",""
"2018","Belgium","Number","Personal reasons","1 night or over","Domestic","Females","1,876,484",""
"2018","Belgium","Number","Personal reasons","1 night or over","Outbound","Males","5,633,060",""
"2018","Belgium","Number","Personal reasons","1 night or over","Outbound","Females","6,290,677",""
"2018","Bulgaria","Number","Personal reasons","1 night or over","Domestic","Males","1,899,619",""
"2018","Bulgaria","Number","Personal reasons","1 night or over","Domestic","Females","2,111,710",""
"2018","Bulgaria","Number","Personal reasons","1 night or over","Outbound","Males","366,123",""
"2018","Bulgaria","Number","Personal reasons","1 night or over","Outbound","Females","511,506",""
"2018","Czechia","Number","Personal reasons","1 night or over","Domestic","Males","12,489,986",""
"2018","Czechia","Number","Personal reasons","1 night or over","Domestic","Females","13,843,727",""
"2018","Czechia","Number","Personal reasons","1 night or over","Outbound","Males","3,281,428",""
"2018","Czechia","Number","Personal reasons","1 night or over","Outbound","Females","3,559,685",""
"2018","Denmark","Number","Personal reasons","1 night or over","Domestic","Males","4,089,219",""
"2018","Denmark","Number","Personal reasons","1 night or over","Domestic","Females","5,690,329",""
"2018","Denmark","Number","Personal reasons","1 night or over","Outbound","Males","2,649,283",""
"2018","Denmark","Number","Personal reasons","1 night or over","Outbound","Females","2,833,961",""
"2018","Germany (until 1990 former territory of the FRG)","Number","Personal reasons","1 night or over","Domestic","Males","60,565,905",""
"2018","Germany (until 1990 former territory of the FRG)","Number","Personal reasons","1 night or over","Domestic","Females","68,001,858",""
"2018","Germany (until 1990 former territory of the FRG)","Number","Personal reasons","1 night or over","Outbound","Males","46,855,524",""
"2018","Germany (until 1990 former territory of the FRG)","Number","Personal reasons","1 night or over","Outbound","Females","50,285,015",""
"2018","Estonia","Number","Personal reasons","1 night or over","Domestic","Males","1,945,116",""
"2018","Estonia","Number","Personal reasons","1 night or over","Domestic","Females","2,008,802",""
"2018","Estonia","Number","Personal reasons","1 night or over","Outbound","Males","673,791",""
"2018","Estonia","Number","Personal reasons","1 night or over","Outbound","Females","892,635",""
"2018","Ireland","Number","Personal reasons","1 night or over","Domestic","Males","3,551,696",""
"2018","Ireland","Number","Personal reasons","1 night or over","Domestic","Females","4,579,515",""
"2018","Ireland","Number","Personal reasons","1 night or over","Outbound","Males","3,029,951",""
"2018","Ireland","Number","Personal reasons","1 night or over","Outbound","Females","3,459,362",""
"2018","Greece","Number","Personal reasons","1 night or over","Domestic","Males","2,627,122",""
"2018","Greece","Number","Personal reasons","1 night or over","Domestic","Females","2,896,742",""
"2018","Greece","Number","Personal reasons","1 night or over","Outbound","Males","373,965",""
"2018","Greece","Number","Personal reasons","1 night or over","Outbound","Females","420,557",""
"2018","Spain","Number","Personal reasons","1 night or over","Domestic","Males","65,575,056",""
"2018","Spain","Number","Personal reasons","1 night or over","Domestic","Females","66,622,392",""
"2018","Spain","Number","Personal reasons","1 night or over","Outbound","Males","6,692,914",""
"2018","Spain","Number","Personal reasons","1 night or over","Outbound","Females","7,771,218",""
"2018","France","Number","Personal reasons","1 night or over","Domestic","Males","77,456,695",""
"2018","France","Number","Personal reasons","1 night or over","Domestic","Females","92,442,277",""
"2018","France","Number","Personal reasons","1 night or over","Outbound","Males","11,742,350",""
"2018","France","Number","Personal reasons","1 night or over","Outbound","Females","14,473,592",""
"2018","Croatia","Number","Personal reasons","1 night or over","Domestic","Males","1,426,975",""
"2018","Croatia","Number","Personal reasons","1 night or over","Domestic","Females","1,346,076",""
"2018","Croatia","Number","Personal reasons","1 night or over","Outbound","Males","754,449",""
"2018","Croatia","Number","Personal reasons","1 night or over","Outbound","Females","804,135",""
"2018","Italy","Number","Personal reasons","1 night or over","Domestic","Males","22,849,792",""
"2018","Italy","Number","Personal reasons","1 night or over","Domestic","Females","24,492,661",""
"2018","Italy","Number","Personal reasons","1 night or over","Outbound","Males","5,589,231",""
"2018","Italy","Number","Personal reasons","1 night or over","Outbound","Females","6,406,169",""
"2018","Cyprus","Number","Personal reasons","1 night or over","Domestic","Males","727,996",""
"2018","Cyprus","Number","Personal reasons","1 night or over","Domestic","Females","826,106",""
"2018","Cyprus","Number","Personal reasons","1 night or over","Outbound","Males","540,809",""
"2018","Cyprus","Number","Personal reasons","1 night or over","Outbound","Females","647,708",""
"2018","Latvia","Number","Personal reasons","1 night or over","Domestic","Males","1,079,632",""
"2018","Latvia","Number","Personal reasons","1 night or over","Domestic","Females","1,450,135",""
"2018","Latvia","Number","Personal reasons","1 night or over","Outbound","Males","544,929",""
"2018","Latvia","Number","Personal reasons","1 night or over","Outbound","Females","648,193",""
"2018","Lithuania","Number","Personal reasons","1 night or over","Domestic","Males","1,061,307",""
"2018","Lithuania","Number","Personal reasons","1 night or over","Domestic","Females","1,247,964",""
"2018","Lithuania","Number","Personal reasons","1 night or over","Outbound","Males","818,209",""
"2018","Lithuania","Number","Personal reasons","1 night or over","Outbound","Females","940,370",""
"2018","Luxembourg","Number","Personal reasons","1 night or over","Domestic","Males","20,005","u"
"2018","Luxembourg","Number","Personal reasons","1 night or over","Domestic","Females","15,325","u"
"2018","Luxembourg","Number","Personal reasons","1 night or over","Outbound","Males","1,024,522",""
"2018","Luxembourg","Number","Personal reasons","1 night or over","Outbound","Females","1,009,100",""
"2018","Hungary","Number","Personal reasons","1 night or over","Domestic","Males","5,356,295",""
"2018","Hungary","Number","Personal reasons","1 night or over","Domestic","Females","6,332,357",""
"2018","Hungary","Number","Personal reasons","1 night or over","Outbound","Males","3,368,965",""
"2018","Hungary","Number","Personal reasons","1 night or over","Outbound","Females","3,501,743",""
"2018","Malta","Number","Personal reasons","1 night or over","Domestic","Males","115,409",""
"2018","Malta","Number","Personal reasons","1 night or over","Domestic","Females","122,735",""
"2018","Malta","Number","Personal reasons","1 night or over","Outbound","Males","264,140",""
"2018","Malta","Number","Personal reasons","1 night or over","Outbound","Females","250,436",""
"2018","Netherlands","Number","Personal reasons","1 night or over","Domestic","Males","11,058,924",""
"2018","Netherlands","Number","Personal reasons","1 night or over","Domestic","Females","11,168,407",""
"2018","Netherlands","Number","Personal reasons","1 night or over","Outbound","Males","9,573,079",""
"2018","Netherlands","Number","Personal reasons","1 night or over","Outbound","Females","9,209,489",""
"2018","Austria","Number","Personal reasons","1 night or over","Domestic","Males","5,043,997",""
"2018","Austria","Number","Personal reasons","1 night or over","Domestic","Females","5,556,580",""
"2018","Austria","Number","Personal reasons","1 night or over","Outbound","Males","4,460,618",""
"2018","Austria","Number","Personal reasons","1 night or over","Outbound","Females","5,201,013",""
"2018","Poland","Number","Personal reasons","1 night or over","Domestic","Males","20,837,165",""
"2018","Poland","Number","Personal reasons","1 night or over","Domestic","Females","25,187,910",""
"2018","Poland","Number","Personal reasons","1 night or over","Outbound","Males","5,433,066",""
"2018","Poland","Number","Personal reasons","1 night or over","Outbound","Females","6,147,122",""
"2018","Portugal","Number","Personal reasons","1 night or over","Domestic","Males","6,891,864",""
"2018","Portugal","Number","Personal reasons","1 night or over","Domestic","Females","8,021,085",""
"2018","Portugal","Number","Personal reasons","1 night or over","Outbound","Males","714,318",""
"2018","Portugal","Number","Personal reasons","1 night or over","Outbound","Females","912,218",""
"2018","Romania","Number","Personal reasons","1 night or over","Domestic","Males","8,408,112",""
"2018","Romania","Number","Personal reasons","1 night or over","Domestic","Females","8,169,363",""
"2018","Romania","Number","Personal reasons","1 night or over","Outbound","Males","626,309",""
"2018","Romania","Number","Personal reasons","1 night or over","Outbound","Females","628,065",""
"2018","Slovenia","Number","Personal reasons","1 night or over","Domestic","Males","996,983",""
"2018","Slovenia","Number","Personal reasons","1 night or over","Domestic","Females","881,508",""
"2018","Slovenia","Number","Personal reasons","1 night or over","Outbound","Males","1,337,749",""
"2018","Slovenia","Number","Personal reasons","1 night or over","Outbound","Females","1,358,852",""
"2018","Slovakia","Number","Personal reasons","1 night or over","Domestic","Males","2,720,428",""
"2018","Slovakia","Number","Personal reasons","1 night or over","Domestic","Females","4,174,184",""
"2018","Slovakia","Number","Personal reasons","1 night or over","Outbound","Males","1,603,767",""
"2018","Slovakia","Number","Personal reasons","1 night or over","Outbound","Females","2,241,959",""
"2018","Finland","Number","Personal reasons","1 night or over","Domestic","Males","12,703,527",""
"2018","Finland","Number","Personal reasons","1 night or over","Domestic","Females","12,977,325",""
"2018","Finland","Number","Personal reasons","1 night or over","Outbound","Males","3,439,635",""
"2018","Finland","Number","Personal reasons","1 night or over","Outbound","Females","3,973,484",""
"2018","Sweden","Number","Personal reasons","1 night or over","Domestic","Males","13,712,844",""
"2018","Sweden","Number","Personal reasons","1 night or over","Domestic","Females","15,744,137",""
"2018","Sweden","Number","Personal reasons","1 night or over","Outbound","Males","7,982,097",""
"2018","Sweden","Number","Personal reasons","1 night or over","Outbound","Females","7,431,395",""
"2019","European Union - 27 countries (from 2020)","Number","Personal reasons","1 night or over","Domestic","Males","347,197,728",""
"2019","European Union - 27 countries (from 2020)","Number","Personal reasons","1 night or over","Domestic","Females","393,107,155",""
"2019","European Union - 27 countries (from 2020)","Number","Personal reasons","1 night or over","Outbound","Males","129,378,902",""
"2019","European Union - 27 countries (from 2020)","Number","Personal reasons","1 night or over","Outbound","Females","144,488,479",""
"2019","Belgium","Number","Personal reasons","1 night or over","Domestic","Males","1,803,914",""
"2019","Belgium","Number","Personal reasons","1 night or over","Domestic","Females","2,081,136",""
"2019","Belgium","Number","Personal reasons","1 night or over","Outbound","Males","6,247,263",""
"2019","Belgium","Number","Personal reasons","1 night or over","Outbound","Females","6,708,012",""
"2019","Bulgaria","Number","Personal reasons","1 night or over","Domestic","Males","1,853,872",""
"2019","Bulgaria","Number","Personal reasons","1 night or over","Domestic","Females","1,843,103",""
"2019","Bulgaria","Number","Personal reasons","1 night or over","Outbound","Males","493,011",""
"2019","Bulgaria","Number","Personal reasons","1 night or over","Outbound","Females","548,612",""
"2019","Czechia","Number","Personal reasons","1 night or over","Domestic","Males","12,394,261",""
"2019","Czechia","Number","Personal reasons","1 night or over","Domestic","Females","14,319,343",""
"2019","Czechia","Number","Personal reasons","1 night or over","Outbound","Males","3,182,518",""
"2019","Czechia","Number","Personal reasons","1 night or over","Outbound","Females","3,588,872",""
"2019","Denmark","Number","Personal reasons","1 night or over","Domestic","Males","7,061,625",""
"2019","Denmark","Number","Personal reasons","1 night or over","Domestic","Females","9,709,141",""
"2019","Denmark","Number","Personal reasons","1 night or over","Outbound","Males","4,225,598",""
"2019","Denmark","Number","Personal reasons","1 night or over","Outbound","Females","5,022,462",""
"2019","Germany (until 1990 former territory of the FRG)","Number","Personal reasons","1 night or over","Domestic","Males","63,442,106",""
"2019","Germany (until 1990 former territory of the FRG)","Number","Personal reasons","1 night or over","Domestic","Females","66,263,976",""
"2019","Germany (until 1990 former territory of the FRG)","Number","Personal reasons","1 night or over","Outbound","Males","42,276,233",""
"2019","Germany (until 1990 former territory of the FRG)","Number","Personal reasons","1 night or over","Outbound","Females","47,602,220",""
"2019","Estonia","Number","Personal reasons","1 night or over","Domestic","Males","1,498,271",""
"2019","Estonia","Number","Personal reasons","1 night or over","Domestic","Females","1,577,116",""
"2019","Estonia","Number","Personal reasons","1 night or over","Outbound","Males","573,003",""
"2019","Estonia","Number","Personal reasons","1 night or over","Outbound","Females","728,264",""
"2019","Ireland","Number","Personal reasons","1 night or over","Domestic","Males","3,771,309",""
"2019","Ireland","Number","Personal reasons","1 night or over","Domestic","Females","4,800,870",""
"2019","Ireland","Number","Personal reasons","1 night or over","Outbound","Males","3,334,168",""
"2019","Ireland","Number","Personal reasons","1 night or over","Outbound","Females","3,782,879",""
"2019","Greece","Number","Personal reasons","1 night or over","Domestic","Males","2,317,246",""
"2019","Greece","Number","Personal reasons","1 night or over","Domestic","Females","2,624,324",""
"2019","Greece","Number","Personal reasons","1 night or over","Outbound","Males","392,021",""
"2019","Greece","Number","Personal reasons","1 night or over","Outbound","Females","447,731",""
"2019","Spain","Number","Personal reasons","1 night or over","Domestic","Males","63,381,570",""
"2019","Spain","Number","Personal reasons","1 night or over","Domestic","Females","67,085,258",""
"2019","Spain","Number","Personal reasons","1 night or over","Outbound","Males","7,052,531",""
"2019","Spain","Number","Personal reasons","1 night or over","Outbound","Females","8,194,038",""
"2019","France","Number","Personal reasons","1 night or over","Domestic","Males","74,834,279",""
"2019","France","Number","Personal reasons","1 night or over","Domestic","Females","92,582,539",""
"2019","France","Number","Personal reasons","1 night or over","Outbound","Males","11,496,605",""
"2019","France","Number","Personal reasons","1 night or over","Outbound","Females","14,441,177",""
"2019","Croatia","Number","Personal reasons","1 night or over","Domestic","Males","1,614,528",""
"2019","Croatia","Number","Personal reasons","1 night or over","Domestic","Females","1,685,206",""
"2019","Croatia","Number","Personal reasons","1 night or over","Outbound","Males","873,682",""
"2019","Croatia","Number","Personal reasons","1 night or over","Outbound","Females","952,470",""
"2019","Italy","Number","Personal reasons","1 night or over","Domestic","Males","20,170,812",""
"2019","Italy","Number","Personal reasons","1 night or over","Domestic","Females","21,568,773",""
"2019","Italy","Number","Personal reasons","1 night or over","Outbound","Males","6,147,114",""
"2019","Italy","Number","Personal reasons","1 night or over","Outbound","Females","6,652,234",""
"2019","Cyprus","Number","Personal reasons","1 night or over","Domestic","Males","757,669",""
"2019","Cyprus","Number","Personal reasons","1 night or over","Domestic","Females","857,666",""
"2019","Cyprus","Number","Personal reasons","1 night or over","Outbound","Males","556,173",""
"2019","Cyprus","Number","Personal reasons","1 night or over","Outbound","Females","705,216",""
"2019","Latvia","Number","Personal reasons","1 night or over","Domestic","Males","1,038,221",""
"2019","Latvia","Number","Personal reasons","1 night or over","Domestic","Females","1,428,928",""
"2019","Latvia","Number","Personal reasons","1 night or over","Outbound","Males","561,547",""
"2019","Latvia","Number","Personal reasons","1 night or over","Outbound","Females","699,819",""
"2019","Lithuania","Number","Personal reasons","1 night or over","Domestic","Males","1,105,296",""
"2019","Lithuania","Number","Personal reasons","1 night or over","Domestic","Females","1,350,272",""
"2019","Lithuania","Number","Personal reasons","1 night or over","Outbound","Males","845,591",""
"2019","Lithuania","Number","Personal reasons","1 night or over","Outbound","Females","997,980",""
"2019","Luxembourg","Number","Personal reasons","1 night or over","Domestic","Males","18,072",""
"2019","Luxembourg","Number","Personal reasons","1 night or over","Domestic","Females","10,452","u"
"2019","Luxembourg","Number","Personal reasons","1 night or over","Outbound","Males","1,066,307",""
"2019","Luxembourg","Number","Personal reasons","1 night or over","Outbound","Females","976,706",""
"2019","Hungary","Number","Personal reasons","1 night or over","Domestic","Males","5,498,164",""
"2019","Hungary","Number","Personal reasons","1 night or over","Domestic","Females","6,274,832",""
"2019","Hungary","Number","Personal reasons","1 night or over","Outbound","Males","3,659,992",""
"2019","Hungary","Number","Personal reasons","1 night or over","Outbound","Females","3,618,418",""
"2019","Malta","Number","Personal reasons","1 night or over","Domestic","Males","120,891",""
"2019","Malta","Number","Personal reasons","1 night or over","Domestic","Females","106,196",""
"2019","Malta","Number","Personal reasons","1 night or over","Outbound","Males","283,194",""
"2019","Malta","Number","Personal reasons","1 night or over","Outbound","Females","275,172",""
"2019","Netherlands","Number","Personal reasons","1 night or over","Domestic","Males","10,929,485",""
"2019","Netherlands","Number","Personal reasons","1 night or over","Domestic","Females","12,072,451",""
"2019","Netherlands","Number","Personal reasons","1 night or over","Outbound","Males","10,178,498",""
"2019","Netherlands","Number","Personal reasons","1 night or over","Outbound","Females","9,402,913",""
"2019","Austria","Number","Personal reasons","1 night or over","Domestic","Males","5,331,284",""
"2019","Austria","Number","Personal reasons","1 night or over","Domestic","Females","5,799,476",""
"2019","Austria","Number","Personal reasons","1 night or over","Outbound","Males","4,594,317",""
"2019","Austria","Number","Personal reasons","1 night or over","Outbound","Females","5,482,448",""
"2019","Poland","Number","Personal reasons","1 night or over","Domestic","Males","22,114,880",""
"2019","Poland","Number","Personal reasons","1 night or over","Domestic","Females","26,171,867",""
"2019","Poland","Number","Personal reasons","1 night or over","Outbound","Males","5,822,371",""
"2019","Poland","Number","Personal reasons","1 night or over","Outbound","Females","6,515,543",""
"2019","Portugal","Number","Personal reasons","1 night or over","Domestic","Males","7,367,336",""
"2019","Portugal","Number","Personal reasons","1 night or over","Domestic","Females","9,140,045",""
"2019","Portugal","Number","Personal reasons","1 night or over","Outbound","Males","914,187",""
"2019","Portugal","Number","Personal reasons","1 night or over","Outbound","Females","1,154,888",""
"2019","Romania","Number","Personal reasons","1 night or over","Domestic","Males","8,749,149",""
"2019","Romania","Number","Personal reasons","1 night or over","Domestic","Females","8,437,502",""
"2019","Romania","Number","Personal reasons","1 night or over","Outbound","Males","765,556",""
"2019","Romania","Number","Personal reasons","1 night or over","Outbound","Females","799,695",""
"2019","Slovenia","Number","Personal reasons","1 night or over","Domestic","Males","759,403",""
"2019","Slovenia","Number","Personal reasons","1 night or over","Domestic","Females","830,671",""
"2019","Slovenia","Number","Personal reasons","1 night or over","Outbound","Males","1,347,073",""
"2019","Slovenia","Number","Personal reasons","1 night or over","Outbound","Females","1,367,875",""
"2019","Slovakia","Number","Personal reasons","1 night or over","Domestic","Males","3,179,518",""
"2019","Slovakia","Number","Personal reasons","1 night or over","Domestic","Females","4,476,067",""
"2019","Slovakia","Number","Personal reasons","1 night or over","Outbound","Males","1,782,386",""
"2019","Slovakia","Number","Personal reasons","1 night or over","Outbound","Females","2,615,412",""
"2019","Finland","Number","Personal reasons","1 night or over","Domestic","Males","11,304,709",""
"2019","Finland","Number","Personal reasons","1 night or over","Domestic","Females","14,425,616",""
"2019","Finland","Number","Personal reasons","1 night or over","Outbound","Males","3,174,392",""
"2019","Finland","Number","Personal reasons","1 night or over","Outbound","Females","4,178,126",""
"2019","Sweden","Number","Personal reasons","1 night or over","Domestic","Males","14,779,859",""
"2019","Sweden","Number","Personal reasons","1 night or over","Domestic","Females","15,584,329",""
"2019","Sweden","Number","Personal reasons","1 night or over","Outbound","Males","7,533,570",""
"2019","Sweden","Number","Personal reasons","1 night or over","Outbound","Females","7,029,296",""
