"TIME","GEO","UNIT","PURPOSE","DURATION","PARTNER","Value","Flag and Footnotes"
"2012","Belgium","Number","Personal reasons","1 night or over","Domestic country","2,485,447",""
"2012","Belgium","Number","Personal reasons","1 night or over","Outbound","7,673,540",""
"2012","Belgium","Number","Professional, business","1 night or over","Domestic country","293,209",""
"2012","Belgium","Number","Professional, business","1 night or over","Outbound","1,902,297",""
"2012","Bulgaria","Number","Personal reasons","1 night or over","Domestic country","3,006,110","b"
"2012","Bulgaria","Number","Personal reasons","1 night or over","Outbound","417,654","b"
"2012","Bulgaria","Number","Professional, business","1 night or over","Domestic country","100,860","b"
"2012","Bulgaria","Number","Professional, business","1 night or over","Outbound","51,582","bu"
"2012","Czechia","Number","Personal reasons","1 night or over","Domestic country","25,986,952",""
"2012","Czechia","Number","Personal reasons","1 night or over","Outbound","5,419,360",""
"2012","Czechia","Number","Professional, business","1 night or over","Domestic country","893,577",""
"2012","Czechia","Number","Professional, business","1 night or over","Outbound","558,537",""
"2012","Denmark","Number","Personal reasons","1 night or over","Domestic country","20,437,399",""
"2012","Denmark","Number","Personal reasons","1 night or over","Outbound","6,005,897",""
"2012","Denmark","Number","Professional, business","1 night or over","Domestic country","969,317",""
"2012","Denmark","Number","Professional, business","1 night or over","Outbound","1,751,367",""
"2012","Germany (until 1990 former territory of the FRG)","Number","Personal reasons","1 night or over","Domestic country","130,076,882",""
"2012","Germany (until 1990 former territory of the FRG)","Number","Personal reasons","1 night or over","Outbound","69,689,109",""
"2012","Germany (until 1990 former territory of the FRG)","Number","Professional, business","1 night or over","Domestic country","34,718,357",""
"2012","Germany (until 1990 former territory of the FRG)","Number","Professional, business","1 night or over","Outbound","13,039,638",""
"2012","Estonia","Number","Personal reasons","1 night or over","Domestic country","1,603,942",""
"2012","Estonia","Number","Personal reasons","1 night or over","Outbound","909,937",""
"2012","Estonia","Number","Professional, business","1 night or over","Domestic country","157,109",""
"2012","Estonia","Number","Professional, business","1 night or over","Outbound","236,870",""
"2012","Ireland","Number","Personal reasons","1 night or over","Domestic country","6,108,903",""
"2012","Ireland","Number","Personal reasons","1 night or over","Outbound","5,007,475",""
"2012","Ireland","Number","Professional, business","1 night or over","Domestic country","341,339",""
"2012","Ireland","Number","Professional, business","1 night or over","Outbound","567,989",""
"2012","Greece","Number","Personal reasons","1 night or over","Domestic country","6,257,327",""
"2012","Greece","Number","Personal reasons","1 night or over","Outbound","520,872",""
"2012","Greece","Number","Professional, business","1 night or over","Domestic country","249,327",""
"2012","Greece","Number","Professional, business","1 night or over","Outbound","59,506",""
"2012","Spain","Number","Personal reasons","1 night or over","Domestic country","115,084,699",""
"2012","Spain","Number","Personal reasons","1 night or over","Outbound","9,183,640",""
"2012","Spain","Number","Professional, business","1 night or over","Domestic country","11,147,055",""
"2012","Spain","Number","Professional, business","1 night or over","Outbound","1,898,489",""
"2012","France","Number","Personal reasons","1 night or over","Domestic country","181,517,827",""
"2012","France","Number","Personal reasons","1 night or over","Outbound","21,666,911",""
"2012","France","Number","Professional, business","1 night or over","Domestic country","18,861,833",""
"2012","France","Number","Professional, business","1 night or over","Outbound","2,978,566",""
"2012","Croatia","Number","Personal reasons","1 night or over","Domestic country","5,111,093",""
"2012","Croatia","Number","Personal reasons","1 night or over","Outbound","2,173,381",""
"2012","Croatia","Number","Professional, business","1 night or over","Domestic country","944,814",""
"2012","Croatia","Number","Professional, business","1 night or over","Outbound","507,424",""
"2012","Italy","Number","Personal reasons","1 night or over","Domestic country","43,131,050",""
"2012","Italy","Number","Personal reasons","1 night or over","Outbound","12,024,406",""
"2012","Italy","Number","Professional, business","1 night or over","Domestic country","7,483,570",""
"2012","Italy","Number","Professional, business","1 night or over","Outbound","2,174,622",""
"2012","Cyprus","Number","Personal reasons","1 night or over","Domestic country","1,336,115","b"
"2012","Cyprus","Number","Personal reasons","1 night or over","Outbound","947,499","b"
"2012","Cyprus","Number","Professional, business","1 night or over","Domestic country","33,674","b"
"2012","Cyprus","Number","Professional, business","1 night or over","Outbound","227,523","b"
"2012","Latvia","Number","Personal reasons","1 night or over","Domestic country","3,635,701",""
"2012","Latvia","Number","Personal reasons","1 night or over","Outbound","1,116,903",""
"2012","Latvia","Number","Professional, business","1 night or over","Domestic country","160,369",""
"2012","Latvia","Number","Professional, business","1 night or over","Outbound","280,598",""
"2012","Lithuania","Number","Personal reasons","1 night or over","Domestic country","2,204,661",""
"2012","Lithuania","Number","Personal reasons","1 night or over","Outbound","1,387,157",""
"2012","Lithuania","Number","Professional, business","1 night or over","Domestic country","310,796",""
"2012","Lithuania","Number","Professional, business","1 night or over","Outbound","320,334",""
"2012","Luxembourg","Number","Personal reasons","1 night or over","Domestic country","43,172",""
"2012","Luxembourg","Number","Personal reasons","1 night or over","Outbound","1,311,703",""
"2012","Luxembourg","Number","Professional, business","1 night or over","Domestic country",":","u"
"2012","Luxembourg","Number","Professional, business","1 night or over","Outbound","268,421",""
"2012","Hungary","Number","Personal reasons","1 night or over","Domestic country","13,990,742",""
"2012","Hungary","Number","Personal reasons","1 night or over","Outbound","3,567,594",""
"2012","Hungary","Number","Professional, business","1 night or over","Domestic country","452,281",""
"2012","Hungary","Number","Professional, business","1 night or over","Outbound","483,285",""
"2012","Malta","Number","Personal reasons","1 night or over","Domestic country","200,378",""
"2012","Malta","Number","Personal reasons","1 night or over","Outbound","237,227",""
"2012","Malta","Number","Professional, business","1 night or over","Domestic country",":","u"
"2012","Malta","Number","Professional, business","1 night or over","Outbound","58,833",""
"2012","Netherlands","Number","Personal reasons","1 night or over","Domestic country","27,526,206","b"
"2012","Netherlands","Number","Personal reasons","1 night or over","Outbound","16,705,105","b"
"2012","Netherlands","Number","Professional, business","1 night or over","Domestic country","1,113,705","b"
"2012","Netherlands","Number","Professional, business","1 night or over","Outbound","1,148,991","b"
"2012","Austria","Number","Personal reasons","1 night or over","Domestic country","9,015,192",""
"2012","Austria","Number","Personal reasons","1 night or over","Outbound","8,986,436",""
"2012","Austria","Number","Professional, business","1 night or over","Domestic country","1,946,662",""
"2012","Austria","Number","Professional, business","1 night or over","Outbound","1,973,910",""
"2012","Poland","Number","Personal reasons","1 night or over","Domestic country","38,586,107",""
"2012","Poland","Number","Personal reasons","1 night or over","Outbound","6,807,487",""
"2012","Poland","Number","Professional, business","1 night or over","Domestic country","4,402,250",""
"2012","Poland","Number","Professional, business","1 night or over","Outbound","2,462,096",""
"2012","Portugal","Number","Personal reasons","1 night or over","Domestic country","11,845,548",""
"2012","Portugal","Number","Personal reasons","1 night or over","Outbound","981,475",""
"2012","Portugal","Number","Professional, business","1 night or over","Domestic country","824,653",""
"2012","Portugal","Number","Professional, business","1 night or over","Outbound","379,530",""
"2012","Romania","Number","Personal reasons","1 night or over","Domestic country","15,639,388",""
"2012","Romania","Number","Personal reasons","1 night or over","Outbound","771,254",""
"2012","Romania","Number","Professional, business","1 night or over","Domestic country","411,512",""
"2012","Romania","Number","Professional, business","1 night or over","Outbound",":","u"
"2012","Slovenia","Number","Personal reasons","1 night or over","Domestic country","1,974,899",""
"2012","Slovenia","Number","Personal reasons","1 night or over","Outbound","2,079,418",""
"2012","Slovenia","Number","Professional, business","1 night or over","Domestic country","89,711",""
"2012","Slovenia","Number","Professional, business","1 night or over","Outbound","394,995",""
"2012","Slovakia","Number","Personal reasons","1 night or over","Domestic country","3,582,368",""
"2012","Slovakia","Number","Personal reasons","1 night or over","Outbound","2,386,766",""
"2012","Slovakia","Number","Professional, business","1 night or over","Domestic country","894,710",""
"2012","Slovakia","Number","Professional, business","1 night or over","Outbound","302,384","u"
"2012","Finland","Number","Personal reasons","1 night or over","Domestic country","26,771,129","b"
"2012","Finland","Number","Personal reasons","1 night or over","Outbound","7,126,566","b"
"2012","Finland","Number","Professional, business","1 night or over","Domestic country","4,143,570","b"
"2012","Finland","Number","Professional, business","1 night or over","Outbound","1,950,616","b"
"2012","Sweden","Number","Personal reasons","1 night or over","Domestic country",":",""
"2012","Sweden","Number","Personal reasons","1 night or over","Outbound",":",""
"2012","Sweden","Number","Professional, business","1 night or over","Domestic country",":",""
"2012","Sweden","Number","Professional, business","1 night or over","Outbound",":",""
"2013","Belgium","Number","Personal reasons","1 night or over","Domestic country","2,574,641",""
"2013","Belgium","Number","Personal reasons","1 night or over","Outbound","9,636,505",""
"2013","Belgium","Number","Professional, business","1 night or over","Domestic country","78,641",""
"2013","Belgium","Number","Professional, business","1 night or over","Outbound","1,039,954",""
"2013","Bulgaria","Number","Personal reasons","1 night or over","Domestic country","3,259,295",""
"2013","Bulgaria","Number","Personal reasons","1 night or over","Outbound","483,363",""
"2013","Bulgaria","Number","Professional, business","1 night or over","Domestic country","153,968",""
"2013","Bulgaria","Number","Professional, business","1 night or over","Outbound","69,088",""
"2013","Czechia","Number","Personal reasons","1 night or over","Domestic country","24,304,012",""
"2013","Czechia","Number","Personal reasons","1 night or over","Outbound","5,304,202",""
"2013","Czechia","Number","Professional, business","1 night or over","Domestic country","1,194,620",""
"2013","Czechia","Number","Professional, business","1 night or over","Outbound","477,283",""
"2013","Denmark","Number","Personal reasons","1 night or over","Domestic country","22,215,862","b"
"2013","Denmark","Number","Personal reasons","1 night or over","Outbound","7,065,345","b"
"2013","Denmark","Number","Professional, business","1 night or over","Domestic country","1,374,180","b"
"2013","Denmark","Number","Professional, business","1 night or over","Outbound","1,136,372","b"
"2013","Germany (until 1990 former territory of the FRG)","Number","Personal reasons","1 night or over","Domestic country","130,818,258",""
"2013","Germany (until 1990 former territory of the FRG)","Number","Personal reasons","1 night or over","Outbound","76,408,381",""
"2013","Germany (until 1990 former territory of the FRG)","Number","Professional, business","1 night or over","Domestic country","30,305,208",""
"2013","Germany (until 1990 former territory of the FRG)","Number","Professional, business","1 night or over","Outbound","11,050,172",""
"2013","Estonia","Number","Personal reasons","1 night or over","Domestic country","1,556,379",""
"2013","Estonia","Number","Personal reasons","1 night or over","Outbound","893,467",""
"2013","Estonia","Number","Professional, business","1 night or over","Domestic country","177,207",""
"2013","Estonia","Number","Professional, business","1 night or over","Outbound","272,355",""
"2013","Ireland","Number","Personal reasons","1 night or over","Domestic country","6,194,266",""
"2013","Ireland","Number","Personal reasons","1 night or over","Outbound","4,938,543",""
"2013","Ireland","Number","Professional, business","1 night or over","Domestic country","353,588",""
"2013","Ireland","Number","Professional, business","1 night or over","Outbound","643,225",""
"2013","Greece","Number","Personal reasons","1 night or over","Domestic country","4,615,278",""
"2013","Greece","Number","Personal reasons","1 night or over","Outbound","547,366",""
"2013","Greece","Number","Professional, business","1 night or over","Domestic country","298,451",""
"2013","Greece","Number","Professional, business","1 night or over","Outbound","123,212",""
"2013","Spain","Number","Personal reasons","1 night or over","Domestic country","113,318,596",""
"2013","Spain","Number","Personal reasons","1 night or over","Outbound","8,228,858",""
"2013","Spain","Number","Professional, business","1 night or over","Domestic country","9,055,320",""
"2013","Spain","Number","Professional, business","1 night or over","Outbound","1,747,962",""
"2013","France","Number","Personal reasons","1 night or over","Domestic country","181,318,156",""
"2013","France","Number","Personal reasons","1 night or over","Outbound","22,284,136",""
"2013","France","Number","Professional, business","1 night or over","Domestic country","18,211,943",""
"2013","France","Number","Professional, business","1 night or over","Outbound","3,135,770",""
"2013","Croatia","Number","Personal reasons","1 night or over","Domestic country","5,350,704",""
"2013","Croatia","Number","Personal reasons","1 night or over","Outbound","2,358,676",""
"2013","Croatia","Number","Professional, business","1 night or over","Domestic country","874,177",""
"2013","Croatia","Number","Professional, business","1 night or over","Outbound","567,833",""
"2013","Italy","Number","Personal reasons","1 night or over","Domestic country","36,476,703",""
"2013","Italy","Number","Personal reasons","1 night or over","Outbound","9,948,283",""
"2013","Italy","Number","Professional, business","1 night or over","Domestic country","4,338,391",""
"2013","Italy","Number","Professional, business","1 night or over","Outbound","1,248,744",""
"2013","Cyprus","Number","Personal reasons","1 night or over","Domestic country","1,263,806",""
"2013","Cyprus","Number","Personal reasons","1 night or over","Outbound","909,179",""
"2013","Cyprus","Number","Professional, business","1 night or over","Domestic country","40,049",""
"2013","Cyprus","Number","Professional, business","1 night or over","Outbound","192,621",""
"2013","Latvia","Number","Personal reasons","1 night or over","Domestic country","3,014,573",""
"2013","Latvia","Number","Personal reasons","1 night or over","Outbound","965,816",""
"2013","Latvia","Number","Professional, business","1 night or over","Domestic country","141,623",""
"2013","Latvia","Number","Professional, business","1 night or over","Outbound","280,333",""
"2013","Lithuania","Number","Personal reasons","1 night or over","Domestic country","2,271,439",""
"2013","Lithuania","Number","Personal reasons","1 night or over","Outbound","1,425,809",""
"2013","Lithuania","Number","Professional, business","1 night or over","Domestic country","317,211",""
"2013","Lithuania","Number","Professional, business","1 night or over","Outbound","338,338",""
"2013","Luxembourg","Number","Personal reasons","1 night or over","Domestic country","52,594",""
"2013","Luxembourg","Number","Personal reasons","1 night or over","Outbound","1,351,647",""
"2013","Luxembourg","Number","Professional, business","1 night or over","Domestic country",":","u"
"2013","Luxembourg","Number","Professional, business","1 night or over","Outbound","272,701",""
"2013","Hungary","Number","Personal reasons","1 night or over","Domestic country","11,608,394",""
"2013","Hungary","Number","Personal reasons","1 night or over","Outbound","3,694,925",""
"2013","Hungary","Number","Professional, business","1 night or over","Domestic country","303,029",""
"2013","Hungary","Number","Professional, business","1 night or over","Outbound","443,321",""
"2013","Malta","Number","Personal reasons","1 night or over","Domestic country","184,940",""
"2013","Malta","Number","Personal reasons","1 night or over","Outbound","272,927",""
"2013","Malta","Number","Professional, business","1 night or over","Domestic country",":","u"
"2013","Malta","Number","Professional, business","1 night or over","Outbound","63,306",""
"2013","Netherlands","Number","Personal reasons","1 night or over","Domestic country","24,795,926",""
"2013","Netherlands","Number","Personal reasons","1 night or over","Outbound","16,313,778",""
"2013","Netherlands","Number","Professional, business","1 night or over","Domestic country","1,043,986",""
"2013","Netherlands","Number","Professional, business","1 night or over","Outbound","1,093,358",""
"2013","Austria","Number","Personal reasons","1 night or over","Domestic country","9,682,051",""
"2013","Austria","Number","Personal reasons","1 night or over","Outbound","8,557,840",""
"2013","Austria","Number","Professional, business","1 night or over","Domestic country","2,047,765",""
"2013","Austria","Number","Professional, business","1 night or over","Outbound","2,113,572",""
"2013","Poland","Number","Personal reasons","1 night or over","Domestic country","38,986,942",""
"2013","Poland","Number","Personal reasons","1 night or over","Outbound","8,394,793",""
"2013","Poland","Number","Professional, business","1 night or over","Domestic country","3,534,966",""
"2013","Poland","Number","Professional, business","1 night or over","Outbound","1,577,078",""
"2013","Portugal","Number","Personal reasons","1 night or over","Domestic country","12,663,903",""
"2013","Portugal","Number","Personal reasons","1 night or over","Outbound","994,575",""
"2013","Portugal","Number","Professional, business","1 night or over","Domestic country","947,240",""
"2013","Portugal","Number","Professional, business","1 night or over","Outbound","334,741",""
"2013","Romania","Number","Personal reasons","1 night or over","Domestic country","16,223,234",""
"2013","Romania","Number","Personal reasons","1 night or over","Outbound","954,379",""
"2013","Romania","Number","Professional, business","1 night or over","Domestic country","498,687",""
"2013","Romania","Number","Professional, business","1 night or over","Outbound",":","u"
"2013","Slovenia","Number","Personal reasons","1 night or over","Domestic country","1,922,972",""
"2013","Slovenia","Number","Personal reasons","1 night or over","Outbound","2,293,665",""
"2013","Slovenia","Number","Professional, business","1 night or over","Domestic country","102,362",""
"2013","Slovenia","Number","Professional, business","1 night or over","Outbound","317,985",""
"2013","Slovakia","Number","Personal reasons","1 night or over","Domestic country","3,838,923","b"
"2013","Slovakia","Number","Personal reasons","1 night or over","Outbound","1,894,077","b"
"2013","Slovakia","Number","Professional, business","1 night or over","Domestic country","926,568","bu"
"2013","Slovakia","Number","Professional, business","1 night or over","Outbound","234,891","bu"
"2013","Finland","Number","Personal reasons","1 night or over","Domestic country","26,527,497",""
"2013","Finland","Number","Personal reasons","1 night or over","Outbound","7,023,765",""
"2013","Finland","Number","Professional, business","1 night or over","Domestic country","3,951,724",""
"2013","Finland","Number","Professional, business","1 night or over","Outbound","1,579,818",""
"2013","Sweden","Number","Personal reasons","1 night or over","Domestic country",":",""
"2013","Sweden","Number","Personal reasons","1 night or over","Outbound",":",""
"2013","Sweden","Number","Professional, business","1 night or over","Domestic country",":",""
"2013","Sweden","Number","Professional, business","1 night or over","Outbound",":",""
"2014","Belgium","Number","Personal reasons","1 night or over","Domestic country","2,202,277",""
"2014","Belgium","Number","Personal reasons","1 night or over","Outbound","9,864,730",""
"2014","Belgium","Number","Professional, business","1 night or over","Domestic country","51,296",""
"2014","Belgium","Number","Professional, business","1 night or over","Outbound","912,969",""
"2014","Bulgaria","Number","Personal reasons","1 night or over","Domestic country","3,012,004",""
"2014","Bulgaria","Number","Personal reasons","1 night or over","Outbound","566,592",""
"2014","Bulgaria","Number","Professional, business","1 night or over","Domestic country","158,118",""
"2014","Bulgaria","Number","Professional, business","1 night or over","Outbound","37,080","u"
"2014","Czechia","Number","Personal reasons","1 night or over","Domestic country","26,196,815",""
"2014","Czechia","Number","Personal reasons","1 night or over","Outbound","5,245,220",""
"2014","Czechia","Number","Professional, business","1 night or over","Domestic country","845,229",""
"2014","Czechia","Number","Professional, business","1 night or over","Outbound","405,361",""
"2014","Denmark","Number","Personal reasons","1 night or over","Domestic country","22,904,453",""
"2014","Denmark","Number","Personal reasons","1 night or over","Outbound","7,307,355",""
"2014","Denmark","Number","Professional, business","1 night or over","Domestic country","969,083",""
"2014","Denmark","Number","Professional, business","1 night or over","Outbound","1,137,420",""
"2014","Germany (until 1990 former territory of the FRG)","Number","Personal reasons","1 night or over","Domestic country","123,741,073",""
"2014","Germany (until 1990 former territory of the FRG)","Number","Personal reasons","1 night or over","Outbound","73,447,789",""
"2014","Germany (until 1990 former territory of the FRG)","Number","Professional, business","1 night or over","Domestic country","30,160,866",""
"2014","Germany (until 1990 former territory of the FRG)","Number","Professional, business","1 night or over","Outbound","9,560,219",""
"2014","Estonia","Number","Personal reasons","1 night or over","Domestic country","2,256,060",""
"2014","Estonia","Number","Personal reasons","1 night or over","Outbound","1,029,906",""
"2014","Estonia","Number","Professional, business","1 night or over","Domestic country","316,273",""
"2014","Estonia","Number","Professional, business","1 night or over","Outbound","395,604",""
"2014","Ireland","Number","Personal reasons","1 night or over","Domestic country","6,450,941",""
"2014","Ireland","Number","Personal reasons","1 night or over","Outbound","4,921,151",""
"2014","Ireland","Number","Professional, business","1 night or over","Domestic country","434,755",""
"2014","Ireland","Number","Professional, business","1 night or over","Outbound","720,858",""
"2014","Greece","Number","Personal reasons","1 night or over","Domestic country","5,340,341",""
"2014","Greece","Number","Personal reasons","1 night or over","Outbound","631,374",""
"2014","Greece","Number","Professional, business","1 night or over","Domestic country","281,641",""
"2014","Greece","Number","Professional, business","1 night or over","Outbound","81,107",""
"2014","Spain","Number","Personal reasons","1 night or over","Domestic country","110,258,727",""
"2014","Spain","Number","Personal reasons","1 night or over","Outbound","8,690,930",""
"2014","Spain","Number","Professional, business","1 night or over","Domestic country","7,361,234",""
"2014","Spain","Number","Professional, business","1 night or over","Outbound","1,622,424",""
"2014","France","Number","Personal reasons","1 night or over","Domestic country","181,739,243",""
"2014","France","Number","Personal reasons","1 night or over","Outbound","24,164,544",""
"2014","France","Number","Professional, business","1 night or over","Domestic country","17,189,920",""
"2014","France","Number","Professional, business","1 night or over","Outbound","3,166,888",""
"2014","Croatia","Number","Personal reasons","1 night or over","Domestic country","4,623,508",""
"2014","Croatia","Number","Personal reasons","1 night or over","Outbound","2,026,314",""
"2014","Croatia","Number","Professional, business","1 night or over","Domestic country","786,671",""
"2014","Croatia","Number","Professional, business","1 night or over","Outbound","736,939",""
"2014","Italy","Number","Personal reasons","1 night or over","Domestic country","37,222,958","b"
"2014","Italy","Number","Personal reasons","1 night or over","Outbound","9,658,271","b"
"2014","Italy","Number","Professional, business","1 night or over","Domestic country","6,293,728","b"
"2014","Italy","Number","Professional, business","1 night or over","Outbound","1,817,832","b"
"2014","Cyprus","Number","Personal reasons","1 night or over","Domestic country","1,272,010",""
"2014","Cyprus","Number","Personal reasons","1 night or over","Outbound","998,220",""
"2014","Cyprus","Number","Professional, business","1 night or over","Domestic country","25,204","u"
"2014","Cyprus","Number","Professional, business","1 night or over","Outbound","199,393",""
"2014","Latvia","Number","Personal reasons","1 night or over","Domestic country","3,172,774",""
"2014","Latvia","Number","Personal reasons","1 night or over","Outbound","1,196,966",""
"2014","Latvia","Number","Professional, business","1 night or over","Domestic country","84,990","u"
"2014","Latvia","Number","Professional, business","1 night or over","Outbound","165,140",""
"2014","Lithuania","Number","Personal reasons","1 night or over","Domestic country","2,316,241",""
"2014","Lithuania","Number","Personal reasons","1 night or over","Outbound","1,424,229",""
"2014","Lithuania","Number","Professional, business","1 night or over","Domestic country","332,975",""
"2014","Lithuania","Number","Professional, business","1 night or over","Outbound","364,387",""
"2014","Luxembourg","Number","Personal reasons","1 night or over","Domestic country","25,440",""
"2014","Luxembourg","Number","Personal reasons","1 night or over","Outbound","1,515,500",""
"2014","Luxembourg","Number","Professional, business","1 night or over","Domestic country",":","u"
"2014","Luxembourg","Number","Professional, business","1 night or over","Outbound","299,608",""
"2014","Hungary","Number","Personal reasons","1 night or over","Domestic country","12,258,070",""
"2014","Hungary","Number","Personal reasons","1 night or over","Outbound","4,301,971",""
"2014","Hungary","Number","Professional, business","1 night or over","Domestic country","325,714",""
"2014","Hungary","Number","Professional, business","1 night or over","Outbound","431,488",""
"2014","Malta","Number","Personal reasons","1 night or over","Domestic country","195,981","b"
"2014","Malta","Number","Personal reasons","1 night or over","Outbound","289,822","b"
"2014","Malta","Number","Professional, business","1 night or over","Domestic country",":","u"
"2014","Malta","Number","Professional, business","1 night or over","Outbound","72,618","b"
"2014","Netherlands","Number","Personal reasons","1 night or over","Domestic country","23,930,647",""
"2014","Netherlands","Number","Personal reasons","1 night or over","Outbound","16,269,816",""
"2014","Netherlands","Number","Professional, business","1 night or over","Domestic country","847,289",""
"2014","Netherlands","Number","Professional, business","1 night or over","Outbound","1,231,765",""
"2014","Austria","Number","Personal reasons","1 night or over","Domestic country","9,573,164",""
"2014","Austria","Number","Personal reasons","1 night or over","Outbound","8,767,633",""
"2014","Austria","Number","Professional, business","1 night or over","Domestic country","1,902,850",""
"2014","Austria","Number","Professional, business","1 night or over","Outbound","2,226,590",""
"2014","Poland","Number","Personal reasons","1 night or over","Domestic country","37,125,204","b"
"2014","Poland","Number","Personal reasons","1 night or over","Outbound","9,475,917","b"
"2014","Poland","Number","Professional, business","1 night or over","Domestic country","1,261,801","b"
"2014","Poland","Number","Professional, business","1 night or over","Outbound","766,881","b"
"2014","Portugal","Number","Personal reasons","1 night or over","Domestic country","12,163,810",""
"2014","Portugal","Number","Personal reasons","1 night or over","Outbound","1,039,425",""
"2014","Portugal","Number","Professional, business","1 night or over","Domestic country","1,031,483",""
"2014","Portugal","Number","Professional, business","1 night or over","Outbound","421,052",""
"2014","Romania","Number","Personal reasons","1 night or over","Domestic country","15,832,902",""
"2014","Romania","Number","Personal reasons","1 night or over","Outbound","1,022,350",""
"2014","Romania","Number","Professional, business","1 night or over","Domestic country","525,346",""
"2014","Romania","Number","Professional, business","1 night or over","Outbound",":","u"
"2014","Slovenia","Number","Personal reasons","1 night or over","Domestic country","1,795,116",""
"2014","Slovenia","Number","Personal reasons","1 night or over","Outbound","2,249,720",""
"2014","Slovenia","Number","Professional, business","1 night or over","Domestic country","92,992",""
"2014","Slovenia","Number","Professional, business","1 night or over","Outbound","392,699",""
"2014","Slovakia","Number","Personal reasons","1 night or over","Domestic country","4,090,223",""
"2014","Slovakia","Number","Personal reasons","1 night or over","Outbound","1,893,353",""
"2014","Slovakia","Number","Professional, business","1 night or over","Domestic country",":","u"
"2014","Slovakia","Number","Professional, business","1 night or over","Outbound",":","u"
"2014","Finland","Number","Personal reasons","1 night or over","Domestic country","25,208,829",""
"2014","Finland","Number","Personal reasons","1 night or over","Outbound","7,062,051",""
"2014","Finland","Number","Professional, business","1 night or over","Domestic country","3,636,104",""
"2014","Finland","Number","Professional, business","1 night or over","Outbound","1,698,173",""
"2014","Sweden","Number","Personal reasons","1 night or over","Domestic country","23,883,797",""
"2014","Sweden","Number","Personal reasons","1 night or over","Outbound","8,339,349",""
"2014","Sweden","Number","Professional, business","1 night or over","Domestic country","5,948,159",""
"2014","Sweden","Number","Professional, business","1 night or over","Outbound","793,971",""
"2015","Belgium","Number","Personal reasons","1 night or over","Domestic country","3,133,218",""
"2015","Belgium","Number","Personal reasons","1 night or over","Outbound","9,739,448",""
"2015","Belgium","Number","Professional, business","1 night or over","Domestic country","113,737",""
"2015","Belgium","Number","Professional, business","1 night or over","Outbound","971,598",""
"2015","Bulgaria","Number","Personal reasons","1 night or over","Domestic country","2,430,637",""
"2015","Bulgaria","Number","Personal reasons","1 night or over","Outbound","483,477",""
"2015","Bulgaria","Number","Professional, business","1 night or over","Domestic country","108,743",""
"2015","Bulgaria","Number","Professional, business","1 night or over","Outbound","47,705","u"
"2015","Czechia","Number","Personal reasons","1 night or over","Domestic country","23,287,272",""
"2015","Czechia","Number","Personal reasons","1 night or over","Outbound","5,444,234",""
"2015","Czechia","Number","Professional, business","1 night or over","Domestic country","676,473",""
"2015","Czechia","Number","Professional, business","1 night or over","Outbound","411,376",""
"2015","Denmark","Number","Personal reasons","1 night or over","Domestic country","22,821,994",""
"2015","Denmark","Number","Personal reasons","1 night or over","Outbound","7,296,479",""
"2015","Denmark","Number","Professional, business","1 night or over","Domestic country","1,548,637",""
"2015","Denmark","Number","Professional, business","1 night or over","Outbound","1,623,152",""
"2015","Germany (until 1990 former territory of the FRG)","Number","Personal reasons","1 night or over","Domestic country","135,503,132",""
"2015","Germany (until 1990 former territory of the FRG)","Number","Personal reasons","1 night or over","Outbound","74,580,160",""
"2015","Germany (until 1990 former territory of the FRG)","Number","Professional, business","1 night or over","Domestic country","28,635,460",""
"2015","Germany (until 1990 former territory of the FRG)","Number","Professional, business","1 night or over","Outbound","9,157,194",""
"2015","Estonia","Number","Personal reasons","1 night or over","Domestic country","2,382,651",""
"2015","Estonia","Number","Personal reasons","1 night or over","Outbound","911,002",""
"2015","Estonia","Number","Professional, business","1 night or over","Domestic country","321,728",""
"2015","Estonia","Number","Professional, business","1 night or over","Outbound","338,931",""
"2015","Ireland","Number","Personal reasons","1 night or over","Domestic country","6,522,160",""
"2015","Ireland","Number","Personal reasons","1 night or over","Outbound","5,197,900",""
"2015","Ireland","Number","Professional, business","1 night or over","Domestic country","398,507",""
"2015","Ireland","Number","Professional, business","1 night or over","Outbound","764,601",""
"2015","Greece","Number","Personal reasons","1 night or over","Domestic country","4,841,429",""
"2015","Greece","Number","Personal reasons","1 night or over","Outbound","611,108",""
"2015","Greece","Number","Professional, business","1 night or over","Domestic country","269,659",""
"2015","Greece","Number","Professional, business","1 night or over","Outbound","92,777",""
"2015","Spain","Number","Personal reasons","1 night or over","Domestic country","118,297,495","b"
"2015","Spain","Number","Personal reasons","1 night or over","Outbound","11,083,565","b"
"2015","Spain","Number","Professional, business","1 night or over","Domestic country","5,625,466","b"
"2015","Spain","Number","Professional, business","1 night or over","Outbound","1,404,632","b"
"2015","France","Number","Personal reasons","1 night or over","Domestic country","161,944,418",""
"2015","France","Number","Personal reasons","1 night or over","Outbound","21,166,224",""
"2015","France","Number","Professional, business","1 night or over","Domestic country","13,421,763",""
"2015","France","Number","Professional, business","1 night or over","Outbound","2,624,262",""
"2015","Croatia","Number","Personal reasons","1 night or over","Domestic country","3,587,698",""
"2015","Croatia","Number","Personal reasons","1 night or over","Outbound","2,065,800",""
"2015","Croatia","Number","Professional, business","1 night or over","Domestic country","451,891",""
"2015","Croatia","Number","Professional, business","1 night or over","Outbound","511,790",""
"2015","Italy","Number","Personal reasons","1 night or over","Domestic country","35,319,955",""
"2015","Italy","Number","Personal reasons","1 night or over","Outbound","8,555,393",""
"2015","Italy","Number","Professional, business","1 night or over","Domestic country","5,356,391",""
"2015","Italy","Number","Professional, business","1 night or over","Outbound","1,537,192",""
"2015","Cyprus","Number","Personal reasons","1 night or over","Domestic country","1,281,176",""
"2015","Cyprus","Number","Personal reasons","1 night or over","Outbound","915,955",""
"2015","Cyprus","Number","Professional, business","1 night or over","Domestic country","21,879","u"
"2015","Cyprus","Number","Professional, business","1 night or over","Outbound","192,943",""
"2015","Latvia","Number","Personal reasons","1 night or over","Domestic country","2,885,025",""
"2015","Latvia","Number","Personal reasons","1 night or over","Outbound","1,087,335",""
"2015","Latvia","Number","Professional, business","1 night or over","Domestic country","87,179","u"
"2015","Latvia","Number","Professional, business","1 night or over","Outbound","154,408",""
"2015","Lithuania","Number","Personal reasons","1 night or over","Domestic country","2,321,616",""
"2015","Lithuania","Number","Personal reasons","1 night or over","Outbound","1,474,698",""
"2015","Lithuania","Number","Professional, business","1 night or over","Domestic country","341,538",""
"2015","Lithuania","Number","Professional, business","1 night or over","Outbound","385,231",""
"2015","Luxembourg","Number","Personal reasons","1 night or over","Domestic country","20,128",""
"2015","Luxembourg","Number","Personal reasons","1 night or over","Outbound","1,451,510",""
"2015","Luxembourg","Number","Professional, business","1 night or over","Domestic country",":","u"
"2015","Luxembourg","Number","Professional, business","1 night or over","Outbound","250,156",""
"2015","Hungary","Number","Personal reasons","1 night or over","Domestic country","12,300,783",""
"2015","Hungary","Number","Personal reasons","1 night or over","Outbound","4,983,165",""
"2015","Hungary","Number","Professional, business","1 night or over","Domestic country","326,260",""
"2015","Hungary","Number","Professional, business","1 night or over","Outbound","470,035",""
"2015","Malta","Number","Personal reasons","1 night or over","Domestic country","200,523",""
"2015","Malta","Number","Personal reasons","1 night or over","Outbound","317,216",""
"2015","Malta","Number","Professional, business","1 night or over","Domestic country","3,061","u"
"2015","Malta","Number","Professional, business","1 night or over","Outbound","79,002",""
"2015","Netherlands","Number","Personal reasons","1 night or over","Domestic country","23,190,661",""
"2015","Netherlands","Number","Personal reasons","1 night or over","Outbound","16,119,086",""
"2015","Netherlands","Number","Professional, business","1 night or over","Domestic country","965,546",""
"2015","Netherlands","Number","Professional, business","1 night or over","Outbound","1,416,076",""
"2015","Austria","Number","Personal reasons","1 night or over","Domestic country","9,197,692",""
"2015","Austria","Number","Personal reasons","1 night or over","Outbound","8,709,870",""
"2015","Austria","Number","Professional, business","1 night or over","Domestic country","1,890,051",""
"2015","Austria","Number","Professional, business","1 night or over","Outbound","1,917,812",""
"2015","Poland","Number","Personal reasons","1 night or over","Domestic country","38,594,696",""
"2015","Poland","Number","Personal reasons","1 night or over","Outbound","10,105,801",""
"2015","Poland","Number","Professional, business","1 night or over","Domestic country","1,275,761",""
"2015","Poland","Number","Professional, business","1 night or over","Outbound","800,549",""
"2015","Portugal","Number","Personal reasons","1 night or over","Domestic country","12,971,180",""
"2015","Portugal","Number","Personal reasons","1 night or over","Outbound","1,200,075",""
"2015","Portugal","Number","Professional, business","1 night or over","Domestic country","1,177,255",""
"2015","Portugal","Number","Professional, business","1 night or over","Outbound","436,280",""
"2015","Romania","Number","Personal reasons","1 night or over","Domestic country","15,058,724",""
"2015","Romania","Number","Personal reasons","1 night or over","Outbound","1,012,208",""
"2015","Romania","Number","Professional, business","1 night or over","Domestic country","672,788",""
"2015","Romania","Number","Professional, business","1 night or over","Outbound",":","u"
"2015","Slovenia","Number","Personal reasons","1 night or over","Domestic country","1,452,035",""
"2015","Slovenia","Number","Personal reasons","1 night or over","Outbound","2,417,122",""
"2015","Slovenia","Number","Professional, business","1 night or over","Domestic country","81,219",""
"2015","Slovenia","Number","Professional, business","1 night or over","Outbound","437,893",""
"2015","Slovakia","Number","Personal reasons","1 night or over","Domestic country","4,736,851",""
"2015","Slovakia","Number","Personal reasons","1 night or over","Outbound","2,247,199",""
"2015","Slovakia","Number","Professional, business","1 night or over","Domestic country","858,103","u"
"2015","Slovakia","Number","Professional, business","1 night or over","Outbound","529,805","u"
"2015","Finland","Number","Personal reasons","1 night or over","Domestic country","25,721,202",""
"2015","Finland","Number","Personal reasons","1 night or over","Outbound","7,260,303",""
"2015","Finland","Number","Professional, business","1 night or over","Domestic country","3,434,651",""
"2015","Finland","Number","Professional, business","1 night or over","Outbound","1,656,946",""
"2015","Sweden","Number","Personal reasons","1 night or over","Domestic country","27,142,419",""
"2015","Sweden","Number","Personal reasons","1 night or over","Outbound","8,112,535",""
"2015","Sweden","Number","Professional, business","1 night or over","Domestic country","4,383,460",""
"2015","Sweden","Number","Professional, business","1 night or over","Outbound","576,579",""
"2016","Belgium","Number","Personal reasons","1 night or over","Domestic country","2,820,302",""
"2016","Belgium","Number","Personal reasons","1 night or over","Outbound","11,796,855",""
"2016","Belgium","Number","Professional, business","1 night or over","Domestic country","110,125",""
"2016","Belgium","Number","Professional, business","1 night or over","Outbound","1,305,277",""
"2016","Bulgaria","Number","Personal reasons","1 night or over","Domestic country","2,874,771",""
"2016","Bulgaria","Number","Personal reasons","1 night or over","Outbound","545,006",""
"2016","Bulgaria","Number","Professional, business","1 night or over","Domestic country","114,008",""
"2016","Bulgaria","Number","Professional, business","1 night or over","Outbound","55,208","u"
"2016","Czechia","Number","Personal reasons","1 night or over","Domestic country","26,055,631",""
"2016","Czechia","Number","Personal reasons","1 night or over","Outbound","5,551,842",""
"2016","Czechia","Number","Professional, business","1 night or over","Domestic country","984,055",""
"2016","Czechia","Number","Professional, business","1 night or over","Outbound","474,775",""
"2016","Denmark","Number","Personal reasons","1 night or over","Domestic country","20,455,167",""
"2016","Denmark","Number","Personal reasons","1 night or over","Outbound","6,864,949",""
"2016","Denmark","Number","Professional, business","1 night or over","Domestic country","1,287,671",""
"2016","Denmark","Number","Professional, business","1 night or over","Outbound","1,168,464",""
"2016","Germany (until 1990 former territory of the FRG)","Number","Personal reasons","1 night or over","Domestic country","132,778,475",""
"2016","Germany (until 1990 former territory of the FRG)","Number","Personal reasons","1 night or over","Outbound","80,716,945",""
"2016","Germany (until 1990 former territory of the FRG)","Number","Professional, business","1 night or over","Domestic country","31,904,002",""
"2016","Germany (until 1990 former territory of the FRG)","Number","Professional, business","1 night or over","Outbound","10,248,656",""
"2016","Estonia","Number","Personal reasons","1 night or over","Domestic country","2,826,552",""
"2016","Estonia","Number","Personal reasons","1 night or over","Outbound","916,529",""
"2016","Estonia","Number","Professional, business","1 night or over","Domestic country","427,032",""
"2016","Estonia","Number","Professional, business","1 night or over","Outbound","422,745",""
"2016","Ireland","Number","Personal reasons","1 night or over","Domestic country","6,828,674",""
"2016","Ireland","Number","Personal reasons","1 night or over","Outbound","5,577,673",""
"2016","Ireland","Number","Professional, business","1 night or over","Domestic country","425,968",""
"2016","Ireland","Number","Professional, business","1 night or over","Outbound","888,185",""
"2016","Greece","Number","Personal reasons","1 night or over","Domestic country","4,590,494",""
"2016","Greece","Number","Personal reasons","1 night or over","Outbound","601,828",""
"2016","Greece","Number","Professional, business","1 night or over","Domestic country","282,304",""
"2016","Greece","Number","Professional, business","1 night or over","Outbound","83,947",""
"2016","Spain","Number","Personal reasons","1 night or over","Domestic country","125,026,932",""
"2016","Spain","Number","Personal reasons","1 night or over","Outbound","11,691,070",""
"2016","Spain","Number","Professional, business","1 night or over","Domestic country","7,173,973",""
"2016","Spain","Number","Professional, business","1 night or over","Outbound","1,581,329",""
"2016","France","Number","Personal reasons","1 night or over","Domestic country","158,642,404",""
"2016","France","Number","Personal reasons","1 night or over","Outbound","20,971,275",""
"2016","France","Number","Professional, business","1 night or over","Domestic country","13,830,900",""
"2016","France","Number","Professional, business","1 night or over","Outbound","2,565,847",""
"2016","Croatia","Number","Personal reasons","1 night or over","Domestic country","2,546,275",""
"2016","Croatia","Number","Personal reasons","1 night or over","Outbound","1,211,400",""
"2016","Croatia","Number","Professional, business","1 night or over","Domestic country","380,134",""
"2016","Croatia","Number","Professional, business","1 night or over","Outbound","403,460",""
"2016","Italy","Number","Personal reasons","1 night or over","Domestic country","42,018,881",""
"2016","Italy","Number","Personal reasons","1 night or over","Outbound","8,809,882",""
"2016","Italy","Number","Professional, business","1 night or over","Domestic country","5,118,133",""
"2016","Italy","Number","Professional, business","1 night or over","Outbound","1,638,675",""
"2016","Cyprus","Number","Personal reasons","1 night or over","Domestic country","1,359,130",""
"2016","Cyprus","Number","Personal reasons","1 night or over","Outbound","1,020,710",""
"2016","Cyprus","Number","Professional, business","1 night or over","Domestic country","15,504","u"
"2016","Cyprus","Number","Professional, business","1 night or over","Outbound","239,795",""
"2016","Latvia","Number","Personal reasons","1 night or over","Domestic country","3,018,022",""
"2016","Latvia","Number","Personal reasons","1 night or over","Outbound","1,053,837",""
"2016","Latvia","Number","Professional, business","1 night or over","Domestic country","52,251","u"
"2016","Latvia","Number","Professional, business","1 night or over","Outbound","195,694",""
"2016","Lithuania","Number","Personal reasons","1 night or over","Domestic country","2,217,373",""
"2016","Lithuania","Number","Personal reasons","1 night or over","Outbound","1,540,126",""
"2016","Lithuania","Number","Professional, business","1 night or over","Domestic country","336,730",""
"2016","Lithuania","Number","Professional, business","1 night or over","Outbound","412,670",""
"2016","Luxembourg","Number","Personal reasons","1 night or over","Domestic country","17,905","u"
"2016","Luxembourg","Number","Personal reasons","1 night or over","Outbound","1,393,476",""
"2016","Luxembourg","Number","Professional, business","1 night or over","Domestic country",":","u"
"2016","Luxembourg","Number","Professional, business","1 night or over","Outbound","194,683",""
"2016","Hungary","Number","Personal reasons","1 night or over","Domestic country","11,778,710",""
"2016","Hungary","Number","Personal reasons","1 night or over","Outbound","5,610,743",""
"2016","Hungary","Number","Professional, business","1 night or over","Domestic country","220,726",""
"2016","Hungary","Number","Professional, business","1 night or over","Outbound","489,213",""
"2016","Malta","Number","Personal reasons","1 night or over","Domestic country","303,068",""
"2016","Malta","Number","Personal reasons","1 night or over","Outbound","334,007",""
"2016","Malta","Number","Professional, business","1 night or over","Domestic country","7,226","u"
"2016","Malta","Number","Professional, business","1 night or over","Outbound","54,774",""
"2016","Netherlands","Number","Personal reasons","1 night or over","Domestic country","23,476,507",""
"2016","Netherlands","Number","Personal reasons","1 night or over","Outbound","16,774,912",""
"2016","Netherlands","Number","Professional, business","1 night or over","Domestic country","1,028,538",""
"2016","Netherlands","Number","Professional, business","1 night or over","Outbound","1,377,272",""
"2016","Austria","Number","Personal reasons","1 night or over","Domestic country","10,063,508",""
"2016","Austria","Number","Personal reasons","1 night or over","Outbound","9,619,462",""
"2016","Austria","Number","Professional, business","1 night or over","Domestic country","1,963,408",""
"2016","Austria","Number","Professional, business","1 night or over","Outbound","1,914,776",""
"2016","Poland","Number","Personal reasons","1 night or over","Domestic country","42,136,806",""
"2016","Poland","Number","Personal reasons","1 night or over","Outbound","10,411,789",""
"2016","Poland","Number","Professional, business","1 night or over","Domestic country","1,463,518",""
"2016","Poland","Number","Professional, business","1 night or over","Outbound","874,714",""
"2016","Portugal","Number","Personal reasons","1 night or over","Domestic country","13,163,262",""
"2016","Portugal","Number","Personal reasons","1 night or over","Outbound","1,211,813",""
"2016","Portugal","Number","Professional, business","1 night or over","Domestic country","1,159,510",""
"2016","Portugal","Number","Professional, business","1 night or over","Outbound","395,764",""
"2016","Romania","Number","Personal reasons","1 night or over","Domestic country","15,715,863",""
"2016","Romania","Number","Personal reasons","1 night or over","Outbound","1,052,572",""
"2016","Romania","Number","Professional, business","1 night or over","Domestic country","532,313",""
"2016","Romania","Number","Professional, business","1 night or over","Outbound",":","u"
"2016","Slovenia","Number","Personal reasons","1 night or over","Domestic country","1,619,148",""
"2016","Slovenia","Number","Personal reasons","1 night or over","Outbound","2,436,538",""
"2016","Slovenia","Number","Professional, business","1 night or over","Domestic country","100,613",""
"2016","Slovenia","Number","Professional, business","1 night or over","Outbound","416,713",""
"2016","Slovakia","Number","Personal reasons","1 night or over","Domestic country","5,824,208",""
"2016","Slovakia","Number","Personal reasons","1 night or over","Outbound","2,491,471",""
"2016","Slovakia","Number","Professional, business","1 night or over","Domestic country","903,568","u"
"2016","Slovakia","Number","Professional, business","1 night or over","Outbound",":","u"
"2016","Finland","Number","Personal reasons","1 night or over","Domestic country","25,928,616",""
"2016","Finland","Number","Personal reasons","1 night or over","Outbound","7,277,431",""
"2016","Finland","Number","Professional, business","1 night or over","Domestic country","3,861,265",""
"2016","Finland","Number","Professional, business","1 night or over","Outbound","1,885,234",""
"2016","Sweden","Number","Personal reasons","1 night or over","Domestic country","26,794,765",""
"2016","Sweden","Number","Personal reasons","1 night or over","Outbound","8,254,665",""
"2016","Sweden","Number","Professional, business","1 night or over","Domestic country","6,698,255",""
"2016","Sweden","Number","Professional, business","1 night or over","Outbound","635,564",""
"2017","Belgium","Number","Personal reasons","1 night or over","Domestic country","2,950,834","b"
"2017","Belgium","Number","Personal reasons","1 night or over","Outbound","11,000,455","b"
"2017","Belgium","Number","Professional, business","1 night or over","Domestic country","110,763","b"
"2017","Belgium","Number","Professional, business","1 night or over","Outbound","1,140,165","b"
"2017","Bulgaria","Number","Personal reasons","1 night or over","Domestic country","4,570,877",""
"2017","Bulgaria","Number","Personal reasons","1 night or over","Outbound","697,120",""
"2017","Bulgaria","Number","Professional, business","1 night or over","Domestic country","133,950",""
"2017","Bulgaria","Number","Professional, business","1 night or over","Outbound","61,620","u"
"2017","Czechia","Number","Personal reasons","1 night or over","Domestic country","28,156,048",""
"2017","Czechia","Number","Personal reasons","1 night or over","Outbound","6,257,053",""
"2017","Czechia","Number","Professional, business","1 night or over","Domestic country","883,432",""
"2017","Czechia","Number","Professional, business","1 night or over","Outbound","518,104",""
"2017","Denmark","Number","Personal reasons","1 night or over","Domestic country","17,083,300",""
"2017","Denmark","Number","Personal reasons","1 night or over","Outbound","6,575,065",""
"2017","Denmark","Number","Professional, business","1 night or over","Domestic country","1,802,302",""
"2017","Denmark","Number","Professional, business","1 night or over","Outbound","1,055,401",""
"2017","Germany (until 1990 former territory of the FRG)","Number","Personal reasons","1 night or over","Domestic country","121,708,947",""
"2017","Germany (until 1990 former territory of the FRG)","Number","Personal reasons","1 night or over","Outbound","80,587,197",""
"2017","Germany (until 1990 former territory of the FRG)","Number","Professional, business","1 night or over","Domestic country","29,466,106",""
"2017","Germany (until 1990 former territory of the FRG)","Number","Professional, business","1 night or over","Outbound","11,814,859",""
"2017","Estonia","Number","Personal reasons","1 night or over","Domestic country","2,870,377",""
"2017","Estonia","Number","Personal reasons","1 night or over","Outbound","960,550",""
"2017","Estonia","Number","Professional, business","1 night or over","Domestic country","406,334",""
"2017","Estonia","Number","Professional, business","1 night or over","Outbound","318,893",""
"2017","Ireland","Number","Personal reasons","1 night or over","Domestic country","7,150,319",""
"2017","Ireland","Number","Personal reasons","1 night or over","Outbound","6,229,409",""
"2017","Ireland","Number","Professional, business","1 night or over","Domestic country","424,827",""
"2017","Ireland","Number","Professional, business","1 night or over","Outbound","751,826",""
"2017","Greece","Number","Personal reasons","1 night or over","Domestic country","5,296,423",""
"2017","Greece","Number","Personal reasons","1 night or over","Outbound","620,878",""
"2017","Greece","Number","Professional, business","1 night or over","Domestic country","195,810",""
"2017","Greece","Number","Professional, business","1 night or over","Outbound","96,765",""
"2017","Spain","Number","Personal reasons","1 night or over","Domestic country","131,951,376",""
"2017","Spain","Number","Personal reasons","1 night or over","Outbound","12,780,069",""
"2017","Spain","Number","Professional, business","1 night or over","Domestic country","6,405,436",""
"2017","Spain","Number","Professional, business","1 night or over","Outbound","1,570,931",""
"2017","France","Number","Personal reasons","1 night or over","Domestic country","171,703,705",""
"2017","France","Number","Personal reasons","1 night or over","Outbound","24,469,849",""
"2017","France","Number","Professional, business","1 night or over","Domestic country","20,660,255",""
"2017","France","Number","Professional, business","1 night or over","Outbound","3,941,000",""
"2017","Croatia","Number","Personal reasons","1 night or over","Domestic country","2,552,192",""
"2017","Croatia","Number","Personal reasons","1 night or over","Outbound","1,505,557",""
"2017","Croatia","Number","Professional, business","1 night or over","Domestic country","424,228",""
"2017","Croatia","Number","Professional, business","1 night or over","Outbound","417,800",""
"2017","Italy","Number","Personal reasons","1 night or over","Domestic country","40,828,133",""
"2017","Italy","Number","Personal reasons","1 night or over","Outbound","9,966,799",""
"2017","Italy","Number","Professional, business","1 night or over","Domestic country","4,218,240",""
"2017","Italy","Number","Professional, business","1 night or over","Outbound","1,408,016",""
"2017","Cyprus","Number","Personal reasons","1 night or over","Domestic country","1,383,643",""
"2017","Cyprus","Number","Personal reasons","1 night or over","Outbound","1,131,315",""
"2017","Cyprus","Number","Professional, business","1 night or over","Domestic country",":","u"
"2017","Cyprus","Number","Professional, business","1 night or over","Outbound","274,489",""
"2017","Latvia","Number","Personal reasons","1 night or over","Domestic country","2,860,265",""
"2017","Latvia","Number","Personal reasons","1 night or over","Outbound","1,108,919",""
"2017","Latvia","Number","Professional, business","1 night or over","Domestic country","82,090","u"
"2017","Latvia","Number","Professional, business","1 night or over","Outbound","156,502",""
"2017","Lithuania","Number","Personal reasons","1 night or over","Domestic country","2,204,722",""
"2017","Lithuania","Number","Personal reasons","1 night or over","Outbound","1,583,558",""
"2017","Lithuania","Number","Professional, business","1 night or over","Domestic country","323,293",""
"2017","Lithuania","Number","Professional, business","1 night or over","Outbound","448,234",""
"2017","Luxembourg","Number","Personal reasons","1 night or over","Domestic country","32,758",""
"2017","Luxembourg","Number","Personal reasons","1 night or over","Outbound","1,943,068",""
"2017","Luxembourg","Number","Professional, business","1 night or over","Domestic country",":","u"
"2017","Luxembourg","Number","Professional, business","1 night or over","Outbound","412,408",""
"2017","Hungary","Number","Personal reasons","1 night or over","Domestic country","11,872,352",""
"2017","Hungary","Number","Personal reasons","1 night or over","Outbound","6,041,587",""
"2017","Hungary","Number","Professional, business","1 night or over","Domestic country","243,848",""
"2017","Hungary","Number","Professional, business","1 night or over","Outbound","450,204",""
"2017","Malta","Number","Personal reasons","1 night or over","Domestic country","253,037",""
"2017","Malta","Number","Personal reasons","1 night or over","Outbound","435,351",""
"2017","Malta","Number","Professional, business","1 night or over","Domestic country","7,726",""
"2017","Malta","Number","Professional, business","1 night or over","Outbound","110,951",""
"2017","Netherlands","Number","Personal reasons","1 night or over","Domestic country","23,132,997",""
"2017","Netherlands","Number","Personal reasons","1 night or over","Outbound","18,412,469",""
"2017","Netherlands","Number","Professional, business","1 night or over","Domestic country","1,156,012",""
"2017","Netherlands","Number","Professional, business","1 night or over","Outbound","2,350,055",""
"2017","Austria","Number","Personal reasons","1 night or over","Domestic country","9,848,564",""
"2017","Austria","Number","Personal reasons","1 night or over","Outbound","9,752,381",""
"2017","Austria","Number","Professional, business","1 night or over","Domestic country","1,745,341",""
"2017","Austria","Number","Professional, business","1 night or over","Outbound","1,738,484",""
"2017","Poland","Number","Personal reasons","1 night or over","Domestic country","44,283,457",""
"2017","Poland","Number","Personal reasons","1 night or over","Outbound","10,893,400",""
"2017","Poland","Number","Professional, business","1 night or over","Domestic country","1,668,853",""
"2017","Poland","Number","Professional, business","1 night or over","Outbound","1,064,727",""
"2017","Portugal","Number","Personal reasons","1 night or over","Domestic country","14,507,722",""
"2017","Portugal","Number","Personal reasons","1 night or over","Outbound","1,517,287",""
"2017","Portugal","Number","Professional, business","1 night or over","Domestic country","1,038,666",""
"2017","Portugal","Number","Professional, business","1 night or over","Outbound","409,898",""
"2017","Romania","Number","Personal reasons","1 night or over","Domestic country","16,208,095",""
"2017","Romania","Number","Personal reasons","1 night or over","Outbound","1,062,640",""
"2017","Romania","Number","Professional, business","1 night or over","Domestic country","623,201",""
"2017","Romania","Number","Professional, business","1 night or over","Outbound",":","u"
"2017","Slovenia","Number","Personal reasons","1 night or over","Domestic country","1,720,582",""
"2017","Slovenia","Number","Personal reasons","1 night or over","Outbound","2,567,579",""
"2017","Slovenia","Number","Professional, business","1 night or over","Domestic country","92,238",""
"2017","Slovenia","Number","Professional, business","1 night or over","Outbound","445,000",""
"2017","Slovakia","Number","Personal reasons","1 night or over","Domestic country","6,180,313",""
"2017","Slovakia","Number","Personal reasons","1 night or over","Outbound","3,141,072",""
"2017","Slovakia","Number","Professional, business","1 night or over","Domestic country","919,818",""
"2017","Slovakia","Number","Professional, business","1 night or over","Outbound","728,631","u"
"2017","Finland","Number","Personal reasons","1 night or over","Domestic country","26,383,669",""
"2017","Finland","Number","Personal reasons","1 night or over","Outbound","7,614,025",""
"2017","Finland","Number","Professional, business","1 night or over","Domestic country","3,778,759",""
"2017","Finland","Number","Professional, business","1 night or over","Outbound","1,757,112",""
"2017","Sweden","Number","Personal reasons","1 night or over","Domestic country","30,633,391",""
"2017","Sweden","Number","Personal reasons","1 night or over","Outbound","17,669,196",""
"2017","Sweden","Number","Professional, business","1 night or over","Domestic country","7,782,536",""
"2017","Sweden","Number","Professional, business","1 night or over","Outbound","3,563,246",""
"2018","Belgium","Number","Personal reasons","1 night or over","Domestic country","3,575,837",""
"2018","Belgium","Number","Personal reasons","1 night or over","Outbound","11,923,737",""
"2018","Belgium","Number","Professional, business","1 night or over","Domestic country","218,452",""
"2018","Belgium","Number","Professional, business","1 night or over","Outbound","1,174,673",""
"2018","Bulgaria","Number","Personal reasons","1 night or over","Domestic country","4,011,329",""
"2018","Bulgaria","Number","Personal reasons","1 night or over","Outbound","877,630",""
"2018","Bulgaria","Number","Professional, business","1 night or over","Domestic country","138,648",""
"2018","Bulgaria","Number","Professional, business","1 night or over","Outbound","62,699","u"
"2018","Czechia","Number","Personal reasons","1 night or over","Domestic country","26,333,712",""
"2018","Czechia","Number","Personal reasons","1 night or over","Outbound","6,841,113",""
"2018","Czechia","Number","Professional, business","1 night or over","Domestic country","845,436",""
"2018","Czechia","Number","Professional, business","1 night or over","Outbound","548,893",""
"2018","Denmark","Number","Personal reasons","1 night or over","Domestic country","9,779,548",""
"2018","Denmark","Number","Personal reasons","1 night or over","Outbound","5,483,245",""
"2018","Denmark","Number","Professional, business","1 night or over","Domestic country","2,142,602",""
"2018","Denmark","Number","Professional, business","1 night or over","Outbound","1,469,677",""
"2018","Germany (until 1990 former territory of the FRG)","Number","Personal reasons","1 night or over","Domestic country","128,567,763",""
"2018","Germany (until 1990 former territory of the FRG)","Number","Personal reasons","1 night or over","Outbound","97,140,538",""
"2018","Germany (until 1990 former territory of the FRG)","Number","Professional, business","1 night or over","Domestic country","30,769,818",""
"2018","Germany (until 1990 former territory of the FRG)","Number","Professional, business","1 night or over","Outbound","11,400,991",""
"2018","Estonia","Number","Personal reasons","1 night or over","Domestic country","3,953,918",""
"2018","Estonia","Number","Personal reasons","1 night or over","Outbound","1,566,425",""
"2018","Estonia","Number","Professional, business","1 night or over","Domestic country","445,144",""
"2018","Estonia","Number","Professional, business","1 night or over","Outbound","502,040",""
"2018","Ireland","Number","Personal reasons","1 night or over","Domestic country","8,131,211",""
"2018","Ireland","Number","Personal reasons","1 night or over","Outbound","6,489,313",""
"2018","Ireland","Number","Professional, business","1 night or over","Domestic country","466,077",""
"2018","Ireland","Number","Professional, business","1 night or over","Outbound","854,203",""
"2018","Greece","Number","Personal reasons","1 night or over","Domestic country","5,523,864",""
"2018","Greece","Number","Personal reasons","1 night or over","Outbound","794,522",""
"2018","Greece","Number","Professional, business","1 night or over","Domestic country","166,954",""
"2018","Greece","Number","Professional, business","1 night or over","Outbound","79,805",""
"2018","Spain","Number","Personal reasons","1 night or over","Domestic country","132,197,448",""
"2018","Spain","Number","Personal reasons","1 night or over","Outbound","14,464,132",""
"2018","Spain","Number","Professional, business","1 night or over","Domestic country","6,740,509",""
"2018","Spain","Number","Professional, business","1 night or over","Outbound","1,888,085",""
"2018","France","Number","Personal reasons","1 night or over","Domestic country","169,898,972",""
"2018","France","Number","Personal reasons","1 night or over","Outbound","26,215,942",""
"2018","France","Number","Professional, business","1 night or over","Domestic country","20,671,760",""
"2018","France","Number","Professional, business","1 night or over","Outbound","3,443,238",""
"2018","Croatia","Number","Personal reasons","1 night or over","Domestic country","2,773,051",""
"2018","Croatia","Number","Personal reasons","1 night or over","Outbound","1,558,584",""
"2018","Croatia","Number","Professional, business","1 night or over","Domestic country","424,201",""
"2018","Croatia","Number","Professional, business","1 night or over","Outbound","499,286",""
"2018","Italy","Number","Personal reasons","1 night or over","Domestic country","47,342,452",""
"2018","Italy","Number","Personal reasons","1 night or over","Outbound","11,995,399",""
"2018","Italy","Number","Professional, business","1 night or over","Domestic country","6,507,628",""
"2018","Italy","Number","Professional, business","1 night or over","Outbound","2,340,756",""
"2018","Cyprus","Number","Personal reasons","1 night or over","Domestic country","1,554,102",""
"2018","Cyprus","Number","Personal reasons","1 night or over","Outbound","1,188,517",""
"2018","Cyprus","Number","Professional, business","1 night or over","Domestic country",":","u"
"2018","Cyprus","Number","Professional, business","1 night or over","Outbound","246,240",""
"2018","Latvia","Number","Personal reasons","1 night or over","Domestic country","2,529,767",""
"2018","Latvia","Number","Personal reasons","1 night or over","Outbound","1,193,122",""
"2018","Latvia","Number","Professional, business","1 night or over","Domestic country","53,869","u"
"2018","Latvia","Number","Professional, business","1 night or over","Outbound","175,311",""
"2018","Lithuania","Number","Personal reasons","1 night or over","Domestic country","2,309,271",""
"2018","Lithuania","Number","Personal reasons","1 night or over","Outbound","1,758,578",""
"2018","Lithuania","Number","Professional, business","1 night or over","Domestic country","331,530",""
"2018","Lithuania","Number","Professional, business","1 night or over","Outbound","485,748",""
"2018","Luxembourg","Number","Personal reasons","1 night or over","Domestic country","35,329",""
"2018","Luxembourg","Number","Personal reasons","1 night or over","Outbound","2,033,621",""
"2018","Luxembourg","Number","Professional, business","1 night or over","Domestic country",":","u"
"2018","Luxembourg","Number","Professional, business","1 night or over","Outbound","475,839",""
"2018","Hungary","Number","Personal reasons","1 night or over","Domestic country","11,688,652",""
"2018","Hungary","Number","Personal reasons","1 night or over","Outbound","6,870,708",""
"2018","Hungary","Number","Professional, business","1 night or over","Domestic country","226,089",""
"2018","Hungary","Number","Professional, business","1 night or over","Outbound","444,293",""
"2018","Malta","Number","Personal reasons","1 night or over","Domestic country","238,144",""
"2018","Malta","Number","Personal reasons","1 night or over","Outbound","514,576",""
"2018","Malta","Number","Professional, business","1 night or over","Domestic country","7,333","u"
"2018","Malta","Number","Professional, business","1 night or over","Outbound","114,403",""
"2018","Netherlands","Number","Personal reasons","1 night or over","Domestic country","22,227,331",""
"2018","Netherlands","Number","Personal reasons","1 night or over","Outbound","18,782,568",""
"2018","Netherlands","Number","Professional, business","1 night or over","Domestic country","1,228,437",""
"2018","Netherlands","Number","Professional, business","1 night or over","Outbound","2,198,592",""
"2018","Austria","Number","Personal reasons","1 night or over","Domestic country","10,600,577",""
"2018","Austria","Number","Personal reasons","1 night or over","Outbound","9,661,631",""
"2018","Austria","Number","Professional, business","1 night or over","Domestic country","1,809,794",""
"2018","Austria","Number","Professional, business","1 night or over","Outbound","1,381,290",""
"2018","Poland","Number","Personal reasons","1 night or over","Domestic country","46,025,075",""
"2018","Poland","Number","Personal reasons","1 night or over","Outbound","11,580,188",""
"2018","Poland","Number","Professional, business","1 night or over","Domestic country","1,711,255",""
"2018","Poland","Number","Professional, business","1 night or over","Outbound","1,166,641",""
"2018","Portugal","Number","Personal reasons","1 night or over","Domestic country","14,912,948",""
"2018","Portugal","Number","Personal reasons","1 night or over","Outbound","1,626,535",""
"2018","Portugal","Number","Professional, business","1 night or over","Domestic country","1,221,224",""
"2018","Portugal","Number","Professional, business","1 night or over","Outbound","537,314",""
"2018","Romania","Number","Personal reasons","1 night or over","Domestic country","16,577,475",""
"2018","Romania","Number","Personal reasons","1 night or over","Outbound","1,254,374",""
"2018","Romania","Number","Professional, business","1 night or over","Domestic country","566,285",""
"2018","Romania","Number","Professional, business","1 night or over","Outbound",":","u"
"2018","Slovenia","Number","Personal reasons","1 night or over","Domestic country","1,878,491",""
"2018","Slovenia","Number","Personal reasons","1 night or over","Outbound","2,696,602",""
"2018","Slovenia","Number","Professional, business","1 night or over","Domestic country","124,647",""
"2018","Slovenia","Number","Professional, business","1 night or over","Outbound","491,099",""
"2018","Slovakia","Number","Personal reasons","1 night or over","Domestic country","6,894,612",""
"2018","Slovakia","Number","Personal reasons","1 night or over","Outbound","3,845,726",""
"2018","Slovakia","Number","Professional, business","1 night or over","Domestic country","866,780",""
"2018","Slovakia","Number","Professional, business","1 night or over","Outbound","816,320",""
"2018","Finland","Number","Personal reasons","1 night or over","Domestic country","25,680,851",""
"2018","Finland","Number","Personal reasons","1 night or over","Outbound","7,413,119",""
"2018","Finland","Number","Professional, business","1 night or over","Domestic country","3,444,914",""
"2018","Finland","Number","Professional, business","1 night or over","Outbound","2,062,813",""
"2018","Sweden","Number","Personal reasons","1 night or over","Domestic country","29,456,981",""
"2018","Sweden","Number","Personal reasons","1 night or over","Outbound","15,413,492",""
"2018","Sweden","Number","Professional, business","1 night or over","Domestic country","6,228,928",""
"2018","Sweden","Number","Professional, business","1 night or over","Outbound","3,441,753",""
"2019","Belgium","Number","Personal reasons","1 night or over","Domestic country","3,885,050",""
"2019","Belgium","Number","Personal reasons","1 night or over","Outbound","12,955,274",""
"2019","Belgium","Number","Professional, business","1 night or over","Domestic country","231,350",""
"2019","Belgium","Number","Professional, business","1 night or over","Outbound","1,236,050",""
"2019","Bulgaria","Number","Personal reasons","1 night or over","Domestic country","3,696,975",""
"2019","Bulgaria","Number","Personal reasons","1 night or over","Outbound","1,041,623",""
"2019","Bulgaria","Number","Professional, business","1 night or over","Domestic country","118,707",""
"2019","Bulgaria","Number","Professional, business","1 night or over","Outbound","87,294",""
"2019","Czechia","Number","Personal reasons","1 night or over","Domestic country","26,713,605",""
"2019","Czechia","Number","Personal reasons","1 night or over","Outbound","6,771,389",""
"2019","Czechia","Number","Professional, business","1 night or over","Domestic country","763,611",""
"2019","Czechia","Number","Professional, business","1 night or over","Outbound","575,088",""
"2019","Denmark","Number","Personal reasons","1 night or over","Domestic country","16,770,766",""
"2019","Denmark","Number","Personal reasons","1 night or over","Outbound","9,248,060",""
"2019","Denmark","Number","Professional, business","1 night or over","Domestic country","2,161,156",""
"2019","Denmark","Number","Professional, business","1 night or over","Outbound","1,555,394",""
"2019","Germany (until 1990 former territory of the FRG)","Number","Personal reasons","1 night or over","Domestic country","129,706,082",""
"2019","Germany (until 1990 former territory of the FRG)","Number","Personal reasons","1 night or over","Outbound","89,878,453",""
"2019","Germany (until 1990 former territory of the FRG)","Number","Professional, business","1 night or over","Domestic country","31,278,837",""
"2019","Germany (until 1990 former territory of the FRG)","Number","Professional, business","1 night or over","Outbound","9,654,514",""
"2019","Estonia","Number","Personal reasons","1 night or over","Domestic country","3,075,386",""
"2019","Estonia","Number","Personal reasons","1 night or over","Outbound","1,301,267",""
"2019","Estonia","Number","Professional, business","1 night or over","Domestic country","410,910",""
"2019","Estonia","Number","Professional, business","1 night or over","Outbound","400,252",""
"2019","Ireland","Number","Personal reasons","1 night or over","Domestic country","8,572,179",""
"2019","Ireland","Number","Personal reasons","1 night or over","Outbound","7,117,047",""
"2019","Ireland","Number","Professional, business","1 night or over","Domestic country","546,746",""
"2019","Ireland","Number","Professional, business","1 night or over","Outbound","891,689",""
"2019","Greece","Number","Personal reasons","1 night or over","Domestic country","4,941,570",""
"2019","Greece","Number","Personal reasons","1 night or over","Outbound","839,751",""
"2019","Greece","Number","Professional, business","1 night or over","Domestic country","238,547",""
"2019","Greece","Number","Professional, business","1 night or over","Outbound","153,177",""
"2019","Spain","Number","Personal reasons","1 night or over","Domestic country","130,466,828",""
"2019","Spain","Number","Personal reasons","1 night or over","Outbound","15,246,570",""
"2019","Spain","Number","Professional, business","1 night or over","Domestic country","6,724,181",""
"2019","Spain","Number","Professional, business","1 night or over","Outbound","1,879,029",""
"2019","France","Number","Personal reasons","1 night or over","Domestic country","167,416,819",""
"2019","France","Number","Personal reasons","1 night or over","Outbound","25,937,782",""
"2019","France","Number","Professional, business","1 night or over","Domestic country","19,525,008",""
"2019","France","Number","Professional, business","1 night or over","Outbound","3,688,543",""
"2019","Croatia","Number","Personal reasons","1 night or over","Domestic country","3,299,734",""
"2019","Croatia","Number","Personal reasons","1 night or over","Outbound","1,826,152",""
"2019","Croatia","Number","Professional, business","1 night or over","Domestic country","408,541",""
"2019","Croatia","Number","Professional, business","1 night or over","Outbound","428,778",""
"2019","Italy","Number","Personal reasons","1 night or over","Domestic country","41,739,584",""
"2019","Italy","Number","Personal reasons","1 night or over","Outbound","12,799,348",""
"2019","Italy","Number","Professional, business","1 night or over","Domestic country","5,842,944",""
"2019","Italy","Number","Professional, business","1 night or over","Outbound","1,944,588",""
"2019","Cyprus","Number","Personal reasons","1 night or over","Domestic country","1,615,335",""
"2019","Cyprus","Number","Personal reasons","1 night or over","Outbound","1,261,390",""
"2019","Cyprus","Number","Professional, business","1 night or over","Domestic country","21,292","u"
"2019","Cyprus","Number","Professional, business","1 night or over","Outbound","303,432",""
"2019","Latvia","Number","Personal reasons","1 night or over","Domestic country","2,467,149",""
"2019","Latvia","Number","Personal reasons","1 night or over","Outbound","1,261,366",""
"2019","Latvia","Number","Professional, business","1 night or over","Domestic country",":","u"
"2019","Latvia","Number","Professional, business","1 night or over","Outbound","218,437",""
"2019","Lithuania","Number","Personal reasons","1 night or over","Domestic country","2,455,569",""
"2019","Lithuania","Number","Personal reasons","1 night or over","Outbound","1,843,571",""
"2019","Lithuania","Number","Professional, business","1 night or over","Domestic country","371,371",""
"2019","Lithuania","Number","Professional, business","1 night or over","Outbound","503,709",""
"2019","Luxembourg","Number","Personal reasons","1 night or over","Domestic country","28,524",""
"2019","Luxembourg","Number","Personal reasons","1 night or over","Outbound","2,043,013",""
"2019","Luxembourg","Number","Professional, business","1 night or over","Domestic country","6,948","u"
"2019","Luxembourg","Number","Professional, business","1 night or over","Outbound","504,933",""
"2019","Hungary","Number","Personal reasons","1 night or over","Domestic country","11,772,996",""
"2019","Hungary","Number","Personal reasons","1 night or over","Outbound","7,278,410",""
"2019","Hungary","Number","Professional, business","1 night or over","Domestic country","210,823",""
"2019","Hungary","Number","Professional, business","1 night or over","Outbound","540,061",""
"2019","Malta","Number","Personal reasons","1 night or over","Domestic country","227,087",""
"2019","Malta","Number","Personal reasons","1 night or over","Outbound","558,365",""
"2019","Malta","Number","Professional, business","1 night or over","Domestic country","10,151","u"
"2019","Malta","Number","Professional, business","1 night or over","Outbound","113,352",""
"2019","Netherlands","Number","Personal reasons","1 night or over","Domestic country","23,001,935",""
"2019","Netherlands","Number","Personal reasons","1 night or over","Outbound","19,581,411",""
"2019","Netherlands","Number","Professional, business","1 night or over","Domestic country","1,474,555",""
"2019","Netherlands","Number","Professional, business","1 night or over","Outbound","2,463,808",""
"2019","Austria","Number","Personal reasons","1 night or over","Domestic country","11,130,760",""
"2019","Austria","Number","Personal reasons","1 night or over","Outbound","10,076,766",""
"2019","Austria","Number","Professional, business","1 night or over","Domestic country","1,804,917",""
"2019","Austria","Number","Professional, business","1 night or over","Outbound","1,824,977",""
"2019","Poland","Number","Personal reasons","1 night or over","Domestic country","48,286,746",""
"2019","Poland","Number","Personal reasons","1 night or over","Outbound","12,337,914",""
"2019","Poland","Number","Professional, business","1 night or over","Domestic country","1,731,488",""
"2019","Poland","Number","Professional, business","1 night or over","Outbound","1,206,644",""
"2019","Portugal","Number","Personal reasons","1 night or over","Domestic country","16,507,381",""
"2019","Portugal","Number","Personal reasons","1 night or over","Outbound","2,069,074",""
"2019","Portugal","Number","Professional, business","1 night or over","Domestic country","1,285,222",""
"2019","Portugal","Number","Professional, business","1 night or over","Outbound","627,567",""
"2019","Romania","Number","Personal reasons","1 night or over","Domestic country","17,186,651",""
"2019","Romania","Number","Personal reasons","1 night or over","Outbound","1,565,251",""
"2019","Romania","Number","Professional, business","1 night or over","Domestic country","614,028",""
"2019","Romania","Number","Professional, business","1 night or over","Outbound",":","u"
"2019","Slovenia","Number","Personal reasons","1 night or over","Domestic country","1,590,073",""
"2019","Slovenia","Number","Personal reasons","1 night or over","Outbound","2,714,948",""
"2019","Slovenia","Number","Professional, business","1 night or over","Domestic country","152,181",""
"2019","Slovenia","Number","Professional, business","1 night or over","Outbound","455,258",""
"2019","Slovakia","Number","Personal reasons","1 night or over","Domestic country","7,655,585",""
"2019","Slovakia","Number","Personal reasons","1 night or over","Outbound","4,397,799",""
"2019","Slovakia","Number","Professional, business","1 night or over","Domestic country","1,034,350",""
"2019","Slovakia","Number","Professional, business","1 night or over","Outbound","816,525",""
"2019","Finland","Number","Personal reasons","1 night or over","Domestic country","25,730,325",""
"2019","Finland","Number","Personal reasons","1 night or over","Outbound","7,352,518",""
"2019","Finland","Number","Professional, business","1 night or over","Domestic country","3,586,670",""
"2019","Finland","Number","Professional, business","1 night or over","Outbound","2,050,668",""
"2019","Sweden","Number","Personal reasons","1 night or over","Domestic country","30,364,188",""
"2019","Sweden","Number","Personal reasons","1 night or over","Outbound","14,562,866",""
"2019","Sweden","Number","Professional, business","1 night or over","Domestic country","6,527,038",""
"2019","Sweden","Number","Professional, business","1 night or over","Outbound","3,436,674",""
